-- ----------------------------------------------------------------------
-- SQL data bulk transfer script generated by the MySQL Migration Toolkit
-- ----------------------------------------------------------------------

-- Disable foreign key checks
SET @OLD_FOREIGN_KEY_CHECKS=@@FOREIGN_KEY_CHECKS, FOREIGN_KEY_CHECKS=0;

INSERT INTO `SimplySmile_dbo`.`Suppliers`(`SupplierId`, `CompanyName`, `ContactName`, `ContactTitle`, `HomePage`, `Address`, `City`, `Region`, `PostalCode`, `Country`, `Phone`, `Fax`)
VALUES (1, 'Exotic Liquids', 'Charlotte Cooper', 'Purchasing Manager', '', '49 Gilbert St.', 'London', '', 'EC1 4SD', 'UK', '(171) 555-2222', ''),
  (2, 'New Orleans Cajun Delights', 'Shelley Burke', 'Order Administrator', '#CAJUN.HTM#', 'P.O. Box 78934', 'New Orleans', 'LA', '70117', 'USA', '(100) 555-4822', ''),
  (3, 'Grandma Kelly\'s Homestead', 'Regina Murphy', 'Sales Representative', '', '707 Oxford Rd.', 'Ann Arbor', 'MI', '48104', 'USA', '(313) 555-5735', '(313) 555-3349'),
  (4, 'Tokyo Traders', 'Yoshi Nagase', 'Marketing Manager', '', '9-8 Sekimai Musashino-shi', 'Tokyo', '', '100', 'Japan', '(03) 3555-5011', ''),
  (5, 'Cooperativa de Quesos \'Las Cabras\'', 'Antonio del Valle Saavedra', 'Export Administrator', '', 'Calle del Rosal 4', 'Oviedo', 'Asturias', '33007', 'Spain', '(98) 598 76 54', ''),
  (6, 'Mayumi\'s', 'Mayumi Ohno', 'Marketing Representative', 'Mayumi\'s (on the World Wide Web)#http://www.microsoft.com/accessdev/sampleapps/mayumi.htm#', '92 Setsuko Chuo-ku', 'Osaka', '', '545', 'Japan', '(06) 431-7877', ''),
  (7, 'Pavlova, Ltd.', 'Ian Devling', 'Marketing Manager', '', '74 Rose St. Moonie Ponds', 'Melbourne', 'Victoria', '3058', 'Australia', '(03) 444-2343', '(03) 444-6588'),
  (8, 'Specialty Biscuits, Ltd.', 'Peter Wilson', 'Sales Representative', '', '29 King\'s Way', 'Manchester', '', 'M14 GSD', 'UK', '(161) 555-4448', ''),
  (9, 'PB Knäckebröd AB', 'Lars Peterson', 'Sales Agent', '', 'Kaloadagatan 13', 'Göteborg', '', 'S-345 67', 'Sweden', '031-987 65 43', '031-987 65 91'),
  (10, 'Refrescos Americanas LTDA', 'Carlos Diaz', 'Marketing Manager', '', 'Av. das Americanas 12.890', 'Sao Paulo', '', '5442', 'Brazil', '(11) 555 4640', ''),
  (11, 'Heli Süßwaren GmbH & Co. KG', 'Petra Winkler', 'Sales Manager', '', 'Tiergartenstraße 5', 'Berlin', '', '10785', 'Germany', '(010) 9984510', ''),
  (12, 'Plutzer Lebensmittelgroßmärkte AG', 'Martin Bein', 'International Marketing Mgr.', 'Plutzer (on the World Wide Web)#http://www.microsoft.com/accessdev/sampleapps/plutzer.htm#', 'Bogenallee 51', 'Frankfurt', '', '60439', 'Germany', '(069) 992755', ''),
  (13, 'Nord-Ost-Fisch Handelsgesellschaft mbH', 'Sven Petersen', 'Coordinator Foreign Markets', '', 'Frahmredder 112a', 'Cuxhaven', '', '27478', 'Germany', '(04721) 8713', '(04721) 8714'),
  (14, 'Formaggi Fortini s.r.l.', 'Elio Rossi', 'Sales Representative', '#FORMAGGI.HTM#', 'Viale Dante, 75', 'Ravenna', '', '48100', 'Italy', '(0544) 60323', '(0544) 60603'),
  (15, 'Norske Meierier', 'Beate Vileid', 'Marketing Manager', '', 'Hatlevegen 5', 'Sandvika', '', '1320', 'Norway', '(0)2-953010', ''),
  (16, 'Bigfoot Breweries', 'Cheryl Saylor', 'Regional Account Rep.', '', '3400 - 8th Avenue Suite 210', 'Bend', 'OR', '97101', 'USA', '(503) 555-9931', ''),
  (17, 'Svensk Sjöföda AB', 'Michael Björn', 'Sales Representative', '', 'Brovallavägen 231', 'Stockholm', '', 'S-123 45', 'Sweden', '08-123 45 67', ''),
  (18, 'Aux joyeux ecclésiastiques', 'Guylène Nodier', 'Sales Manager', '', '203, Rue des Francs-Bourgeois', 'Paris', '', '75004', 'France', '(1) 03.83.00.68', '(1) 03.83.00.62'),
  (19, 'New England Seafood Cannery', 'Robb Merchant', 'Wholesale Account Agent', '', 'Order Processing Dept. 2100 Paul Revere Blvd.', 'Boston', 'MA', '02134', 'USA', '(617) 555-3267', '(617) 555-3389'),
  (20, 'Leka Trading', 'Chandra Leka', 'Owner', '', '471 Serangoon Loop, Suite #402', 'Singapore', '', '0512', 'Singapore', '555-8787', ''),
  (21, 'Lyngbysild', 'Niels Petersen', 'Sales Manager', '', 'Lyngbysild Fiskebakken 10', 'Lyngby', '', '2800', 'Denmark', '43844108', '43844115'),
  (22, 'Zaanse Snoepfabriek', 'Dirk Luchte', 'Accounting Manager', '', 'Verkoop Rijnweg 22', 'Zaandam', '', '9999 ZZ', 'Netherlands', '(12345) 1212', '(12345) 1210'),
  (23, 'Karkki Oy', 'Anne Heikkonen', 'Product Manager', '', 'Valtakatu 12', 'Lappeenranta', '', '53120', 'Finland', '(953) 10956', ''),
  (24, 'G\'day, Mate', 'Wendy Mackenzie', 'Sales Representative', 'G\'day Mate (on the World Wide Web)#http://www.microsoft.com/accessdev/sampleapps/gdaymate.htm#', '170 Prince Edward Parade Hunter\'s Hill', 'Sydney', 'NSW', '2042', 'Australia', '(02) 555-5914', '(02) 555-4873'),
  (25, 'Ma Maison', 'Jean-Guy Lauzon', 'Marketing Manager', '', '2960 Rue St. Laurent', 'Montréal', 'Québec', 'H1J 1C3', 'Canada', '(514) 555-9022', ''),
  (26, 'Pasta Buttini s.r.l.', 'Giovanni Giudici', 'Order Administrator', '', 'Via dei Gelsomini, 153', 'Salerno', '', '84100', 'Italy', '(089) 6547665', '(089) 6547667'),
  (27, 'Escargots Nouveaux', 'Marie Delamare', 'Sales Manager', '', '22, rue H. Voiron', 'Montceau', '', '71300', 'France', '85.57.00.07', ''),
  (28, 'Gai pâturage', 'Eliane Noz', 'Sales Representative', '', 'Bat. B 3, rue des Alpes', 'Annecy', '', '74000', 'France', '38.76.98.06', '38.76.98.58'),
  (29, 'Forêts d\'érables', 'Chantal Goulet', 'Accounting Manager', '', '148 rue Chasseur', 'Ste-Hyacinthe', 'Québec', 'J2S 7S8', 'Canada', '(514) 555-2955', '(514) 555-2921'),
  (30, 'Panda Bear Milk', 'Panda', '987059828', '', 'China', 'China', 'China', '2222', 'China', '22222222', '22222222');

INSERT INTO `SimplySmile_dbo`.`States`(`StateId`, `Abbreviation`, `FullName`)
VALUES (1, 'NY', 'New York'),
  (2, 'FL', 'Florida');

INSERT INTO `SimplySmile_dbo`.`Shippers`(`ShipperId`, `CompanyName`, `Phone`, `Reference`)
VALUES (1, 'Speedy Express', '(503) 555-9831', '356E4A7E-B027-4321-BA40-E2677E6502CF'),
  (2, 'United Package', '(503) 555-3199', '6DFCD0D7-4D2E-4525-A502-3EA9AA52E965'),
  (3, 'Federal Shipping', '(503) 555-9931', '716F114B-E253-4166-8C76-46E6F340B58F');

INSERT INTO `SimplySmile_dbo`.`AnotherEntity`(`Id`, `Output`, `Input`)
VALUES (1, 'output', NULL),
  (2, NULL, 'input'),
  (3, 'i/o', 'i/o'),
  (4, 'output', 'input'),
  (5, NULL, NULL);

INSERT INTO `SimplySmile_dbo`.`Animal`(`Id`, `Description`, `body_weight`, `mother_id`, `father_id`, `SerialNumber`, `ParentId`)
VALUES (1, NULL, 100.0, NULL, NULL, '123', NULL),
  (2, NULL, 40.0, NULL, NULL, '789', NULL),
  (3, NULL, 30.0, NULL, NULL, '1234', NULL),
  (4, NULL, 156.0, NULL, NULL, '5678', 1),
  (5, NULL, 205.0, NULL, NULL, '9101', 1),
  (6, NULL, 115.0, 5, 4, '1121', 2);

INSERT INTO `SimplySmile_dbo`.`Customers`(`CustomerId`, `CompanyName`, `ContactName`, `ContactTitle`, `Address`, `City`, `Region`, `PostalCode`, `Country`, `Phone`, `Fax`)
VALUES ('ALFKI', 'Alfreds Futterkiste', 'Maria Anders', 'Sales Representative', 'Obere Str. 57', 'Berlin', '', '12209', 'Germany', '030-0074321', '030-0076545'),
  ('ANATR', 'Ana Trujillo Emparedados y helados', 'Ana Trujillo', 'Owner', 'Avda. de la Constitución 2222', 'México D.F.', '', '05021', 'Mexico', '(5) 555-4729', '(5) 555-3745'),
  ('ANTON', 'Antonio Moreno Taquería', 'Antonio Moreno', 'Owner', 'Mataderos  2312', 'México D.F.', '', '05023', 'Mexico', '(5) 555-3932', ''),
  ('AROUT', 'Around the Horn', 'Thomas Hardy', 'Sales Representative', '120 Hanover Sq.', 'London', '', 'WA1 1DP', 'UK', '(171) 555-7788', '(171) 555-6750'),
  ('BERGS', 'Berglunds snabbköp', 'Christina Berglund', 'Order Administrator', 'Berguvsvägen  8', 'Luleå', '', 'S-958 22', 'Sweden', '0921-12 34 65', '0921-12 34 67'),
  ('BLAUS', 'Blauer See Delikatessen', 'Hanna Moos', 'Sales Representative', 'Forsterstr. 57', 'Mannheim', '', '68306', 'Germany', '0621-08460', '0621-08924'),
  ('BLONP', 'Blondesddsl père et fils', 'Frédérique Citeaux', 'Marketing Manager', '24, place Kléber', 'Strasbourg', '', '67000', 'France', '88.60.15.31', '88.60.15.32'),
  ('BOLID', 'Bólido Comidas preparadas', 'Martín Sommer', 'Owner', 'C/ Araquil, 67', 'Madrid', '', '28023', 'Spain', '(91) 555 22 82', '(91) 555 91 99'),
  ('BONAP', 'Bon app\'', 'Laurence Lebihan', 'Owner', '12, rue des Bouchers', 'Marseille', '', '13008', 'France', '91.24.45.40', '91.24.45.41'),
  ('BOTTM', 'Bottom-Dollar Markets', 'Elizabeth Lincoln', 'Accounting Manager', '23 Tsawassen Blvd.', 'Tsawassen', 'BC', 'T2F 8M4', 'Canada', '(604) 555-4729', '(604) 555-3745'),
  ('BSBEV', 'B\'s Beverages', 'Victoria Ashworth', 'Sales Representative', 'Fauntleroy Circus', 'London', '', 'EC2 5NT', 'UK', '(171) 555-1212', ''),
  ('CACTU', 'Cactus Comidas para llevar', 'Patricio Simpson', 'Sales Agent', 'Cerrito 333', 'Buenos Aires', '', '1010', 'Argentina', '(1) 135-5555', '(1) 135-4892'),
  ('CENTC', 'Centro comercial Moctezuma', 'Francisco Chang', 'Marketing Manager', 'Sierras de Granada 9993', 'México D.F.', '', '05022', 'Mexico', '(5) 555-3392', '(5) 555-7293'),
  ('CHOPS', 'Chop-suey Chinese', 'Yang Wang', 'Owner', 'Hauptstr. 29', 'Bern', '', '3012', 'Switzerland', '0452-076545', ''),
  ('COMMI', 'Comércio Mineiro', 'Pedro Afonso', 'Sales Associate', 'Av. dos Lusíadas, 23', 'Sao Paulo', 'SP', '05432-043', 'Brazil', '(11) 555-7647', ''),
  ('CONSH', 'Consolidated Holdings', 'Elizabeth Brown', 'Sales Representative', 'Berkeley Gardens 12  Brewery', 'London', '', 'WX1 6LT', 'UK', '(171) 555-2282', '(171) 555-9199'),
  ('DRACD', 'Drachenblut Delikatessen', 'Sven Ottlieb', 'Order Administrator', 'Walserweg 21', 'Aachen', '', '52066', 'Germany', '0241-039123', '0241-059428'),
  ('DUMON', 'Du monde entier', 'Janine Labrune', 'Owner', '67, rue des Cinquante Otages', 'Nantes', '', '44000', 'France', '40.67.88.88', '40.67.89.89'),
  ('EASTC', 'Eastern Connection', 'Ann Devon', 'Sales Agent', '35 King George', 'London', '', 'WX3 6FW', 'UK', '(171) 555-0297', '(171) 555-3373'),
  ('ERNSH', 'Ernst Handel', 'Roland Mendel', 'Sales Manager', 'Kirchgasse 6', 'Graz', '', '8010', 'Austria', '7675-3425', '7675-3426'),
  ('FAMIA', 'Familia Arquibaldo', 'Aria Cruz', 'Marketing Assistant', 'Rua Orós, 92', 'Sao Paulo', 'SP', '05442-030', 'Brazil', '(11) 555-9857', ''),
  ('FISSA', 'FISSA Fabrica Inter. Salchichas S.A.', 'Diego Roel', 'Accounting Manager', 'C/ Moralzarzal, 86', 'Madrid', '', '28034', 'Spain', '(91) 555 94 44', '(91) 555 55 93'),
  ('FOLIG', 'Folies gourmandes', 'Martine Rancé', 'Assistant Sales Agent', '184, chaussée de Tournai', 'Lille', '', '59000', 'France', '20.16.10.16', '20.16.10.17'),
  ('FOLKO', 'Folk och fä HB', 'Maria Larsson', 'Owner', 'Åkergatan 24', 'Bräcke', '', 'S-844 67', 'Sweden', '0695-34 67 21', ''),
  ('FRANK', 'Frankenversand', 'Peter Franken', 'Marketing Manager', 'Berliner Platz 43', 'München', '', '80805', 'Germany', '089-0877310', '089-0877451'),
  ('FRANR', 'France restauration', 'Carine Schmitt', 'Marketing Manager', '54, rue Royale', 'Nantes', '', '44000', 'France', '40.32.21.21', '40.32.21.20'),
  ('FRANS', 'Franchi S.p.A.', 'Paolo Accorti', 'Sales Representative', 'Via Monte Bianco 34', 'Torino', '', '10100', 'Italy', '011-4988260', '011-4988261'),
  ('FURIB', 'Furia Bacalhau e Frutos do Mar', 'Lino Rodriguez', 'Sales Manager', 'Jardim das rosas n. 32', 'Lisboa', '', '1675', 'Portugal', '(1) 354-2534', '(1) 354-2535'),
  ('GALED', 'Galería del gastrónomo', 'Eduardo Saavedra', 'Marketing Manager', 'Rambla de Cataluña, 23', 'Barcelona', '', '08022', 'Spain', '(93) 203 4560', '(93) 203 4561'),
  ('GODOS', 'Godos Cocina Típica', 'José Pedro Freyre', 'Sales Manager', 'C/ Romero, 33', 'Sevilla', '', '41101', 'Spain', '(95) 555 82 82', ''),
  ('GOURL', 'Gourmet Lanchonetes', 'André Fonseca', 'Sales Associate', 'Av. Brasil, 442', 'Campinas', 'SP', '04876-786', 'Brazil', '(11) 555-9482', ''),
  ('GREAL', 'Great Lakes Food Market', 'Howard Snyder', 'Marketing Manager', '2732 Baker Blvd.', 'Eugene', 'OR', '97403', 'USA', '(503) 555-7555', ''),
  ('GROSR', 'GROSELLA-Restaurante', 'Manuel Pereira', 'Owner', '5ª Ave. Los Palos Grandes', 'Caracas', 'DF', '1081', 'Venezuela', '(2) 283-2951', '(2) 283-3397'),
  ('HANAR', 'Hanari Carnes', 'Mario Pontes', 'Accounting Manager', 'Rua do Paço, 67', 'Rio de Janeiro', 'RJ', '05454-876', 'Brazil', '(21) 555-0091', '(21) 555-8765'),
  ('HILAA', 'HILARION-Abastos', 'Carlos Hernández', 'Sales Representative', 'Carrera 22 con Ave. Carlos Soublette #8-35', 'San Cristóbal', 'Táchira', '5022', 'Venezuela', '(5) 555-1340', '(5) 555-1948'),
  ('HUNGC', 'Hungry Coyote Import Store', 'Yoshi Latimer', 'Sales Representative', 'City Center Plaza 516 Main St.', 'Elgin', 'OR', '97827', 'USA', '(503) 555-6874', '(503) 555-2376'),
  ('HUNGO', 'Hungry Owl All-Night Grocers', 'Patricia McKenna', 'Sales Associate', '8 Johnstown Road', 'Cork', 'Co. Cork', '', 'Ireland', '2967 542', '2967 3333'),
  ('ISLAT', 'Island Trading', 'Helen Bennett', 'Marketing Manager', 'Garden House Crowther Way', 'Cowes', 'Isle of Wight', 'PO31 7PJ', 'UK', '(198) 555-8888', ''),
  ('KOENE', 'Königlich Essen', 'Philip Cramer', 'Sales Associate', 'Maubelstr. 90', 'Brandenburg', '', '14776', 'Germany', '0555-09876', ''),
  ('LACOR', 'La corne d\'abondance', 'Daniel Tonini', 'Sales Representative', '67, avenue de l\'Europe', 'Versailles', '', '78000', 'France', '30.59.84.10', '30.59.85.11'),
  ('LAMAI', 'La maison d\'Asie', 'Annette Roulet', 'Sales Manager', '1 rue Alsace-Lorraine', 'Toulouse', '', '31000', 'France', '61.77.61.10', '61.77.61.11'),
  ('LAUGB', 'Laughing Bacchus Wine Cellars', 'Yoshi Tannamuri', 'Marketing Assistant', '1900 Oak St.', 'Vancouver', 'BC', 'V3F 2K1', 'Canada', '(604) 555-3392', '(604) 555-7293'),
  ('LAZYK', 'Lazy K Kountry Store', 'John Steel', 'Marketing Manager', '12 Orchestra Terrace', 'Walla Walla', 'WA', '99362', 'USA', '(509) 555-7969', '(509) 555-6221'),
  ('LEHMS', 'Lehmanns Marktstand', 'Renate Messner', 'Sales Representative', 'Magazinweg 7', 'Frankfurt a.M.', '', '60528', 'Germany', '069-0245984', '069-0245874'),
  ('LETSS', 'Let\'s Stop N Shop', 'Jaime Yorres', 'Owner', '87 Polk St. Suite 5', 'San Francisco', 'CA', '94117', 'USA', '(415) 555-5938', ''),
  ('LILAS', 'LILA-Supermercado', 'Carlos González', 'Accounting Manager', 'Carrera 52 con Ave. Bolívar #65-98 Llano Largo', 'Barquisimeto', 'Lara', '3508', 'Venezuela', '(9) 331-6954', '(9) 331-7256'),
  ('LINOD', 'LINO-Delicateses', 'Felipe Izquierdo', 'Owner', 'Ave. 5 de Mayo Porlamar', 'I. de Margarita', 'Nueva Esparta', '4980', 'Venezuela', '(8) 34-56-12', '(8) 34-93-93'),
  ('LONEP', 'Lonesome Pine Restaurant', 'Fran Wilson', 'Sales Manager', '89 Chiaroscuro Rd.', 'Portland', 'OR', '97219', 'USA', '(503) 555-9573', '(503) 555-9646'),
  ('MAGAA', 'Magazzini Alimentari Riuniti', 'Giovanni Rovelli', 'Marketing Manager', 'Via Ludovico il Moro 22', 'Bergamo', '', '24100', 'Italy', '035-640230', '035-640231'),
  ('MAISD', 'Maison Dewey', 'Catherine Dewey', 'Sales Agent', 'Rue Joseph-Bens 532', 'Bruxelles', '', 'B-1180', 'Belgium', '(02) 201 24 67', '(02) 201 24 68'),
  ('MEREP', 'Mère Paillarde', 'Jean Fresnière', 'Marketing Assistant', '43 rue St. Laurent', 'Montréal', 'Québec', 'H1J 1C3', 'Canada', '(514) 555-8054', '(514) 555-8055'),
  ('MORGK', 'Morgenstern Gesundkost', 'Alexander Feuer', 'Marketing Assistant', 'Heerstr. 22', 'Leipzig', '', '04179', 'Germany', '0342-023176', ''),
  ('NORTS', 'North/South', 'Simon Crowther', 'Sales Associate', 'South House 300 Queensbridge', 'London', '', 'SW7 1RZ', 'UK', '(171) 555-7733', '(171) 555-2530'),
  ('OCEAN', 'Océano Atlántico Ltda.', 'Yvonne Moncada', 'Sales Agent', 'Ing. Gustavo Moncada 8585 Piso 20-A', 'Buenos Aires', '', '1010', 'Argentina', '(1) 135-5333', '(1) 135-5535'),
  ('OLDWO', 'Old World Delicatessen', 'Rene Phillips', 'Sales Representative', '2743 Bering St.', 'Anchorage', 'AK', '99508', 'USA', '(907) 555-7584', '(907) 555-2880'),
  ('OTTIK', 'Ottilies Käseladen', 'Henriette Pfalzheim', 'Owner', 'Mehrheimerstr. 369', 'Köln', '', '50739', 'Germany', '0221-0644327', '0221-0765721'),
  ('PARIS', 'Paris spécialités', 'Marie Bertrand', 'Owner', '265, boulevard Charonne', 'Paris', '', '75012', 'France', '(1) 42.34.22.66', '(1) 42.34.22.77'),
  ('PERIC', 'Pericles Comidas clásicas', 'Guillermo Fernández', 'Sales Representative', 'Calle Dr. Jorge Cash 321', 'México D.F.', '', '05033', 'Mexico', '(5) 552-3745', '(5) 545-3745'),
  ('PICCO', 'Piccolo und mehr', 'Georg Pipps', 'Sales Manager', 'Geislweg 14', 'Salzburg', '', '5020', 'Austria', '6562-9722', '6562-9723'),
  ('PRINI', 'Princesa Isabel Vinhos', 'Isabel de Castro', 'Sales Representative', 'Estrada da saúde n. 58', 'Lisboa', '', '1756', 'Portugal', '(1) 356-5634', ''),
  ('QUEDE', 'Que Delícia', 'Bernardo Batista', 'Accounting Manager', 'Rua da Panificadora, 12', 'Rio de Janeiro', 'RJ', '02389-673', 'Brazil', '(21) 555-4252', '(21) 555-4545'),
  ('QUEEN', 'Queen Cozinha', 'Lúcia Carvalho', 'Marketing Assistant', 'Alameda dos Canàrios, 891', 'Sao Paulo', 'SP', '05487-020', 'Brazil', '(11) 555-1189', ''),
  ('QUICK', 'QUICK-Stop', 'Horst Kloss', 'Accounting Manager', 'Taucherstraße 10', 'Cunewalde', '', '01307', 'Germany', '0372-035188', ''),
  ('RANCH', 'Rancho grande', 'Sergio Gutiérrez', 'Sales Representative', 'Av. del Libertador 900', 'Buenos Aires', '', '1010', 'Argentina', '(1) 123-5555', '(1) 123-5556'),
  ('RATTC', 'Rattlesnake Canyon Grocery', 'Paula Wilson', 'Assistant Sales Representative', '2817 Milton Dr.', 'Albuquerque', 'NM', '87110', 'USA', '(505) 555-5939', '(505) 555-3620'),
  ('REGGC', 'Reggiani Caseifici', 'Maurizio Moroni', 'Sales Associate', 'Strada Provinciale 124', 'Reggio Emilia', '', '42100', 'Italy', '0522-556721', '0522-556722'),
  ('RICAR', 'Ricardo Adocicados', 'Janete Limeira', 'Assistant Sales Agent', 'Av. Copacabana, 267', 'Rio de Janeiro', 'RJ', '02389-890', 'Brazil', '(21) 555-3412', ''),
  ('RICSU', 'Richter Supermarkt', 'Michael Holz', 'Sales Manager', 'Grenzacherweg 237', 'Genève', '', '1203', 'Switzerland', '0897-034214', ''),
  ('ROMEY', 'Romero y tomillo', 'Alejandra Camino', 'Accounting Manager', 'Gran Vía, 1', 'Madrid', '', '28001', 'Spain', '(91) 745 6200', '(91) 745 6210'),
  ('SANTG', 'Santé Gourmet', 'Jonas Bergulfsen', 'Owner', 'Erling Skakkes gate 78', 'Stavern', '', '4110', 'Norway', '07-98 92 35', '07-98 92 47'),
  ('SAVEA', 'Save-a-lot Markets', 'Jose Pavarotti', 'Sales Representative', '187 Suffolk Ln.', 'Boise', 'ID', '83720', 'USA', '(208) 555-8097', ''),
  ('SEVES', 'Seven Seas Imports', 'Hari Kumar', 'Sales Manager', '90 Wadhurst Rd.', 'London', '', 'OX15 4NB', 'UK', '(171) 555-1717', '(171) 555-5646'),
  ('SIMOB', 'Simons bistro', 'Jytte Petersen', 'Owner', 'Vinbæltet 34', 'Kobenhavn', '', '1734', 'Denmark', '31 12 34 56', '31 13 35 57'),
  ('SPECD', 'Spécialités du monde', 'Dominique Perrier', 'Marketing Manager', '25, rue Lauriston', 'Paris', '', '75016', 'France', '(1) 47.55.60.10', '(1) 47.55.60.20'),
  ('SPLIR', 'Split Rail Beer & Ale', 'Art Braunschweiger', 'Sales Manager', 'P.O. Box 555', 'Lander', 'WY', '82520', 'USA', '(307) 555-4680', '(307) 555-6525'),
  ('SUPRD', 'Suprêmes délices', 'Pascale Cartrain', 'Accounting Manager', 'Boulevard Tirou, 255', 'Charleroi', '', 'B-6000', 'Belgium', '(071) 23 67 22 20', '(071) 23 67 22 21'),
  ('THEBI', 'The Big Cheese', 'Liz Nixon', 'Marketing Manager', '89 Jefferson Way Suite 2', 'Portland', 'OR', '97201', 'USA', '(503) 555-3612', ''),
  ('THECR', 'The Cracker Box', 'Liu Wong', 'Marketing Assistant', '55 Grizzly Peak Rd.', 'Butte', 'MT', '59801', 'USA', '(406) 555-5834', '(406) 555-8083'),
  ('TOMSP', 'Toms Spezialitäten', 'Karin Josephs', 'Marketing Manager', 'Luisenstr. 48', 'Münster', '', '44087', 'Germany', '0251-031259', '0251-035695'),
  ('TORTU', 'Tortuga Restaurante', 'Miguel Angel Paolino', 'Owner', 'Avda. Azteca 123', 'México D.F.', '', '05033', 'Mexico', '(5) 555-2933', ''),
  ('TRADH', 'Tradição Hipermercados', 'Anabela Domingues', 'Sales Representative', 'Av. Inês de Castro, 414', 'Sao Paulo', 'SP', '05634-030', 'Brazil', '(11) 555-2167', '(11) 555-2168'),
  ('TRAIH', 'Trail\'s Head Gourmet Provisioners', 'Helvetius Nagy', 'Sales Associate', '722 DaVinci Blvd.', 'Kirkland', 'WA', '98034', 'USA', '(206) 555-8257', '(206) 555-2174'),
  ('VAFFE', 'Vaffeljernet', 'Palle Ibsen', 'Sales Manager', 'Smagsloget 45', 'Århus', '', '8200', 'Denmark', '86 21 32 43', '86 22 33 44'),
  ('VICTE', 'Victuailles en stock', 'Mary Saveley', 'Sales Agent', '2, rue du Commerce', 'Lyon', '', '69004', 'France', '78.32.54.86', '78.32.54.87'),
  ('VINET', 'Vins et alcools Chevalier', 'Paul Henriot', 'Accounting Manager', '59 rue de l\'Abbaye', 'Reims', '', '51100', 'France', '26.47.15.10', '26.47.15.11'),
  ('WANDK', 'Die Wandernde Kuh', 'Rita Müller', 'Sales Representative', 'Adenauerallee 900', 'Stuttgart', '', '70563', 'Germany', '0711-020361', '0711-035428'),
  ('WARTH', 'Wartian Herkku', 'Pirkko Koskitalo', 'Accounting Manager', 'Torikatu 38', 'Oulu', '', '90110', 'Finland', '981-443655', '981-443655'),
  ('WELLI', 'Wellington Importadora', 'Paula Parente', 'Sales Manager', 'Rua do Mercado, 12', 'Resende', 'SP', '08737-363', 'Brazil', '(14) 555-8122', ''),
  ('WHITC', 'White Clover Markets', 'Karl Jablonski', 'Owner', '305 - 14th Ave. S. Suite 3B', 'Seattle', 'WA', '98128', 'USA', '(206) 555-4112', '(206) 555-4115'),
  ('WILMK', 'Wilman Kala', 'Matti Karttunen', 'Owner/Marketing Assistant', 'Keskuskatu 45', 'Helsinki', '', '21240', 'Finland', '90-224 8858', '90-224 8858'),
  ('WOLZA', 'Wolski  Zajazd', 'Zbyszek Piestrzeniewicz', 'Owner', 'ul. Filtrowa 68', 'Warszawa', '', '01-012', 'Poland', '(26) 642-7012', '(26) 642-7012');

INSERT INTO `SimplySmile_dbo`.`Categories`(`CategoryId`, `CategoryName`, `Description`)
VALUES (1, 'Beverages', 'Soft drinks, coffees, teas, beers, and ales'),
  (2, 'Condiments', 'Sweet and savory sauces, relishes, spreads, and seasonings'),
  (3, 'Confections', 'Desserts, candies, and sweet breads'),
  (4, 'Dairy Products', 'Cheeses'),
  (5, 'Grains/Cereals', 'Breads, crackers, pasta, and cereal'),
  (6, 'Meat/Poultry', 'Prepared meats'),
  (7, 'Produce', 'Dried fruit and bean curd'),
  (8, 'Seafood', 'Seaweed and fish'),
  (9, '2012643656', 'Pastas');

INSERT INTO `SimplySmile_dbo`.`Employees`(`EmployeeId`, `LastName`, `FirstName`, `Title`, `TitleOfCourtesy`, `BirthDate`, `HireDate`, `Address`, `City`, `Region`, `PostalCode`, `Country`, `HomePhone`, `Extension`, `Notes`, `ReportsTo`)
VALUES (1, 'Davolio', 'Nancy', 'Sales Representative', 'Ms.', '1948-12-08 00:00:00', '1992-05-01 00:00:00', '507 - 20th Ave. E.Apt. 2A', 'Seattle', 'WA', '98122', 'USA', '(206) 555-9857', '5467', 'Education includes a BA in psychology from Colorado State University in 1970.  She also completed \'The Art of the Cold Call.\'  Nancy is a member of Toastmasters International.', NULL),
  (2, 'Fuller', 'Andrew', 'Vice President, Sales', 'Dr.', '1952-02-19 00:00:00', '1992-08-14 00:00:00', '908 W. Capital Way', 'Tacoma', 'WA', '98401', 'USA', '(206) 555-9482', '3457', 'Andrew received his BTS commercial in 1974 and a Ph.D. in international marketing from the University of Dallas in 1981.  He is fluent in French and Italian and reads German.  He joined the company as a sales representative, was promoted to sales manager in January 1992 and to vice president of sales in March 1993.  Andrew is a member of the Sales Management Roundtable, the Seattle Chamber of Commerce, and the Pacific Rim Importers Association.', NULL),
  (3, 'Leverling', 'Janet', 'Sales Representative', 'Ms.', '1963-08-30 00:00:00', '1992-04-01 00:00:00', '722 Moss Bay Blvd.', 'Kirkland', 'WA', '98033', 'USA', '(206) 555-3412', '3355', 'Janet has a BS degree in chemistry from Boston College (1984).  She has also completed a certificate program in food retailing management.  Janet was hired as a sales associate in 1991 and promoted to sales representative in February 1992.', NULL),
  (4, 'Peacock', 'Margaret', 'Sales Representative', 'Mrs.', '1937-09-19 00:00:00', '1993-05-03 00:00:00', '4110 Old Redmond Rd.', 'Redmond', 'WA', '98052', 'USA', '(206) 555-8122', '5176', 'Margaret holds a BA in English literature from Concordia College (1958) and an MA from the American Institute of Culinary Arts (1966).  She was assigned to the London office temporarily from July through November 1992.', NULL),
  (5, 'Buchanan', 'Steven', 'Sales Manager', 'Mr.', '1955-03-04 00:00:00', '1993-10-17 00:00:00', '14 Garrett Hill', 'London', '', 'SW1 8JR', 'UK', '(71) 555-4848', '3453', 'Steven Buchanan graduated from St. Andrews University, Scotland, with a BSC degree in 1976.  Upon joining the company as a sales representative in 1992, he spent 6 months in an orientation program at the Seattle office and then returned to his permanent post in London.  He was promoted to sales manager in March 1993.  Mr. Buchanan has completed the courses \'Successful Telemarketing\' and \'International Sales Management.\'  He is fluent in French.', NULL),
  (6, 'Suyama', 'Michael', 'Sales Representative', 'Mr.', '1963-07-02 00:00:00', '1993-10-17 00:00:00', 'Coventry HouseMiner Rd.', 'London', '', 'EC2 7JR', 'UK', '(71) 555-7773', '428', 'Michael is a graduate of Sussex University (MA, economics, 1983) and the University of California at Los Angeles (MBA, marketing, 1986).  He has also taken the courses \'Multi-Cultural Selling\' and \'Time Management for the Sales Professional.\'  He is fluent in Japanese and can read and write French, Portuguese, and Spanish.', NULL),
  (7, 'King', 'Robert', 'Sales Representative', 'Mr.', '1960-05-29 00:00:00', '1994-01-02 00:00:00', 'Edgeham HollowWinchester Way', 'London', '', 'RG1 9SP', 'UK', '(71) 555-5598', '465', 'Robert King served in the Peace Corps and traveled extensively before completing his degree in English at the University of Michigan in 1992, the year he joined the company.  After completing a course entitled \'Selling in Europe,\' he was transferred to the London office in March 1993.', NULL),
  (8, 'Callahan', 'Laura', 'Inside Sales Coordinator', 'Ms.', '1958-01-09 00:00:00', '1994-03-05 00:00:00', '4726 - 11th Ave. N.E.', 'Seattle', 'WA', '98105', 'USA', '(206) 555-1189', '2344', 'Laura received a BA in psychology from the University of Washington.  She has also completed a course in business French.  She reads and writes French.', NULL),
  (9, 'Dodsworth', 'Anne', 'Sales Representative', 'Ms.', '1966-01-27 00:00:00', '1994-11-15 00:00:00', '7 Houndstooth Rd.', 'London', '', 'WG2 7LT', 'UK', '(71) 555-4444', '452', 'Anne has a BA degree in English from St. Lawrence College.  She is fluent in French and German.', NULL);

INSERT INTO `SimplySmile_dbo`.`Timesheets`(`TimesheetId`, `SubmittedDate`, `Submitted`)
VALUES (1, '2010-06-17 00:00:00', 1),
  (2, '2010-06-16 00:00:00', 0),
  (3, '2010-06-18 16:32:53', 1);

INSERT INTO `SimplySmile_dbo`.`TimesheetEntries`(`TimesheetEntryId`, `EntryDate`, `NumberOfHours`, `Comments`, `TimesheetID`)
VALUES (1, '2010-06-17 00:00:00', 6, 'testing 123', 2),
  (2, '2010-06-18 00:00:00', 14, NULL, 2),
  (3, '2010-06-17 16:52:53', 4, NULL, 3),
  (4, '2010-06-17 16:42:53', 8, 'testing 456', 3),
  (5, '2010-06-17 16:45:53', 7, NULL, 3),
  (6, '2010-06-17 17:17:53', 38, NULL, 3);

INSERT INTO `SimplySmile_dbo`.`Orders`(`OrderId`, `CustomerId`, `EmployeeId`, `OrderDate`, `RequiredDate`, `ShippedDate`, `ShipVia`, `Freight`, `ShipName`, `ShipAddress`, `ShipCity`, `ShipRegion`, `ShipPostalCode`, `ShipCountry`)
VALUES (10248, 'VINET', 5, '1996-07-04 00:00:00', '1996-08-01 00:00:00', '1996-07-16 00:00:00', 3, 32.38000, 'Vins et alcools Chevalier', '59 rue de l\'Abbaye', 'Reims', 'null', '51100', 'France'),
  (10249, 'TOMSP', 6, '1996-07-05 00:00:00', '1996-08-16 00:00:00', '1996-07-10 00:00:00', 1, 11.61000, 'Toms Spezialitäten', 'Luisenstr. 48', 'Münster', 'null', '44087', 'Germany'),
  (10250, 'HANAR', 4, '1996-07-08 00:00:00', '1996-08-05 00:00:00', '1996-07-12 00:00:00', 2, 65.83000, 'Hanari Carnes', 'Rua do Paço, 67', 'Rio de Janeiro', 'RJ', '05454-876', 'Brazil'),
  (10251, 'VICTE', 3, '1996-07-08 00:00:00', '1996-08-05 00:00:00', '1996-07-15 00:00:00', 1, 41.34000, 'Victuailles en stock', '2, rue du Commerce', 'Lyon', 'null', '69004', 'France'),
  (10252, 'SUPRD', 4, '1996-07-09 00:00:00', '1996-08-06 00:00:00', '1996-07-11 00:00:00', 2, 51.30000, 'Suprêmes délices', 'Boulevard Tirou, 255', 'Charleroi', 'null', 'B-6000', 'Belgium'),
  (10253, 'HANAR', 3, '1996-07-10 00:00:00', '1996-07-24 00:00:00', '1996-07-16 00:00:00', 2, 58.17000, 'Hanari Carnes', 'Rua do Paço, 67', 'Rio de Janeiro', 'RJ', '05454-876', 'Brazil'),
  (10254, 'CHOPS', 5, '1996-07-11 00:00:00', '1996-08-08 00:00:00', '1996-07-23 00:00:00', 2, 22.98000, 'Chop-suey Chinese', 'Hauptstr. 31', 'Bern', 'null', '3012', 'Switzerland'),
  (10255, 'RICSU', 9, '1996-07-12 00:00:00', '1996-08-09 00:00:00', '1996-07-15 00:00:00', 3, 148.33000, 'Richter Supermarkt', 'Starenweg 5', 'Genève', 'null', '1204', 'Switzerland'),
  (10256, 'WELLI', 3, '1996-07-15 00:00:00', '1996-08-12 00:00:00', '1996-07-17 00:00:00', 2, 13.97000, 'Wellington Importadora', 'Rua do Mercado, 12', 'Resende', 'SP', '08737-363', 'Brazil'),
  (10257, 'HILAA', 4, '1996-07-16 00:00:00', '1996-08-13 00:00:00', '1996-07-22 00:00:00', 3, 81.91000, 'HILARION-Abastos', 'Carrera 22 con Ave. Carlos Soublette #8-35', 'San Cristóbal', 'Táchira', '5022', 'Venezuela'),
  (10258, 'ERNSH', 1, '1996-07-17 00:00:00', '1996-08-14 00:00:00', '1996-07-23 00:00:00', 1, 140.51000, 'Ernst Handel', 'Kirchgasse 6', 'Graz', 'null', '8010', 'Austria'),
  (10259, 'CENTC', 4, '1996-07-18 00:00:00', '1996-08-15 00:00:00', '1996-07-25 00:00:00', 3, 3.25000, 'Centro comercial Moctezuma', 'Sierras de Granada 9993', 'México D.F.', 'null', '05022', 'Mexico'),
  (10260, 'OTTIK', 4, '1996-07-19 00:00:00', '1996-08-16 00:00:00', '1996-07-29 00:00:00', 1, 55.09000, 'Ottilies Käseladen', 'Mehrheimerstr. 369', 'Köln', 'null', '50739', 'Germany'),
  (10261, 'QUEDE', 4, '1996-07-19 00:00:00', '1996-08-16 00:00:00', '1996-07-30 00:00:00', 2, 3.05000, 'Que Delícia', 'Rua da Panificadora, 12', 'Rio de Janeiro', 'RJ', '02389-673', 'Brazil'),
  (10262, 'RATTC', 8, '1996-07-22 00:00:00', '1996-08-19 00:00:00', '1996-07-25 00:00:00', 3, 48.29000, 'Rattlesnake Canyon Grocery', '2817 Milton Dr.', 'Albuquerque', 'NM', '87110', 'USA'),
  (10263, 'ERNSH', 9, '1996-07-23 00:00:00', '1996-08-20 00:00:00', '1996-07-31 00:00:00', 3, 146.06000, 'Ernst Handel', 'Kirchgasse 6', 'Graz', 'null', '8010', 'Austria'),
  (10264, 'FOLKO', 6, '1996-07-24 00:00:00', '1996-08-21 00:00:00', '1996-08-23 00:00:00', 3, 3.67000, 'Folk och fä HB', 'Åkergatan 24', 'Bräcke', 'null', 'S-844 67', 'Sweden'),
  (10265, 'BLONP', 2, '1996-07-25 00:00:00', '1996-08-22 00:00:00', '1996-08-12 00:00:00', 1, 55.28000, 'Blondel père et fils', '24, place Kléber', 'Strasbourg', 'null', '67000', 'France'),
  (10266, 'WARTH', 3, '1996-07-26 00:00:00', '1996-09-06 00:00:00', '1996-07-31 00:00:00', 3, 25.73000, 'Wartian Herkku', 'Torikatu 38', 'Oulu', 'null', '90110', 'Finland'),
  (10267, 'FRANK', 4, '1996-07-29 00:00:00', '1996-08-26 00:00:00', '1996-08-06 00:00:00', 1, 208.58000, 'Frankenversand', 'Berliner Platz 43', 'München', 'null', '80805', 'Germany'),
  (10268, 'GROSR', 8, '1996-07-30 00:00:00', '1996-08-27 00:00:00', '1996-08-02 00:00:00', 3, 66.29000, 'GROSELLA-Restaurante', '5ª Ave. Los Palos Grandes', 'Caracas', 'DF', '1081', 'Venezuela'),
  (10269, 'WHITC', 5, '1996-07-31 00:00:00', '1996-08-14 00:00:00', '1996-08-09 00:00:00', 1, 4.56000, 'White Clover Markets', '1029 - 12th Ave. S.', 'Seattle', 'WA', '98124', 'USA'),
  (10270, 'WARTH', 1, '1996-08-01 00:00:00', '1996-08-29 00:00:00', '1996-08-02 00:00:00', 1, 136.54000, 'Wartian Herkku', 'Torikatu 38', 'Oulu', 'null', '90110', 'Finland'),
  (10271, 'SPLIR', 6, '1996-08-01 00:00:00', '1996-08-29 00:00:00', '1996-08-30 00:00:00', 2, 4.54000, 'Split Rail Beer & Ale', 'P.O. Box 555', 'Lander', 'WY', '82520', 'USA'),
  (10272, 'RATTC', 6, '1996-08-02 00:00:00', '1996-08-30 00:00:00', '1996-08-06 00:00:00', 2, 98.03000, 'Rattlesnake Canyon Grocery', '2817 Milton Dr.', 'Albuquerque', 'NM', '87110', 'USA'),
  (10273, 'QUICK', 3, '1996-08-05 00:00:00', '1996-09-02 00:00:00', '1996-08-12 00:00:00', 3, 76.07000, 'QUICK-Stop', 'Taucherstraße 10', 'Cunewalde', 'null', '01307', 'Germany'),
  (10274, 'VINET', 6, '1996-08-06 00:00:00', '1996-09-03 00:00:00', '1996-08-16 00:00:00', 1, 6.01000, 'Vins et alcools Chevalier', '59 rue de l\'Abbaye', 'Reims', 'null', '51100', 'France'),
  (10275, 'MAGAA', 1, '1996-08-07 00:00:00', '1996-09-04 00:00:00', '1996-08-09 00:00:00', 1, 26.93000, 'Magazzini Alimentari Riuniti', 'Via Ludovico il Moro 22', 'Bergamo', 'null', '24100', 'Italy'),
  (10276, 'TORTU', 8, '1996-08-08 00:00:00', '1996-08-22 00:00:00', '1996-08-14 00:00:00', 3, 13.84000, 'Tortuga Restaurante', 'Avda. Azteca 123', 'México D.F.', 'null', '05033', 'Mexico'),
  (10277, 'MORGK', 2, '1996-08-09 00:00:00', '1996-09-06 00:00:00', '1996-08-13 00:00:00', 3, 125.77000, 'Morgenstern Gesundkost', 'Heerstr. 22', 'Leipzig', 'null', '04179', 'Germany'),
  (10278, 'BERGS', 8, '1996-08-12 00:00:00', '1996-09-09 00:00:00', '1996-08-16 00:00:00', 2, 92.69000, 'Berglunds snabbköp', 'Berguvsvägen  8', 'Luleå', 'null', 'S-958 22', 'Sweden'),
  (10279, 'LEHMS', 8, '1996-08-13 00:00:00', '1996-09-10 00:00:00', '1996-08-16 00:00:00', 2, 25.83000, 'Lehmanns Marktstand', 'Magazinweg 7', 'Frankfurt a.M.', 'null', '60528', 'Germany'),
  (10280, 'BERGS', 2, '1996-08-14 00:00:00', '1996-09-11 00:00:00', '1996-09-12 00:00:00', 1, 8.98000, 'Berglunds snabbköp', 'Berguvsvägen  8', 'Luleå', 'null', 'S-958 22', 'Sweden'),
  (10281, 'ROMEY', 4, '1996-08-14 00:00:00', '1996-08-28 00:00:00', '1996-08-21 00:00:00', 1, 2.94000, 'Romero y tomillo', 'Gran Vía, 1', 'Madrid', 'null', '28001', 'Spain'),
  (10282, 'ROMEY', 4, '1996-08-15 00:00:00', '1996-09-12 00:00:00', '1996-08-21 00:00:00', 1, 12.69000, 'Romero y tomillo', 'Gran Vía, 1', 'Madrid', 'null', '28001', 'Spain'),
  (10283, 'LILAS', 3, '1996-08-16 00:00:00', '1996-09-13 00:00:00', '1996-08-23 00:00:00', 3, 84.81000, 'LILA-Supermercado', 'Carrera 52 con Ave. Bolívar #65-98 Llano Largo', 'Barquisimeto', 'Lara', '3508', 'Venezuela'),
  (10284, 'LEHMS', 4, '1996-08-19 00:00:00', '1996-09-16 00:00:00', '1996-08-27 00:00:00', 1, 76.56000, 'Lehmanns Marktstand', 'Magazinweg 7', 'Frankfurt a.M.', 'null', '60528', 'Germany'),
  (10285, 'QUICK', 1, '1996-08-20 00:00:00', '1996-09-17 00:00:00', '1996-08-26 00:00:00', 2, 76.83000, 'QUICK-Stop', 'Taucherstraße 10', 'Cunewalde', 'null', '01307', 'Germany'),
  (10286, 'QUICK', 8, '1996-08-21 00:00:00', '1996-09-18 00:00:00', '1996-08-30 00:00:00', 3, 229.24000, 'QUICK-Stop', 'Taucherstraße 10', 'Cunewalde', 'null', '01307', 'Germany'),
  (10287, 'RICAR', 8, '1996-08-22 00:00:00', '1996-09-19 00:00:00', '1996-08-28 00:00:00', 3, 12.76000, 'Ricardo Adocicados', 'Av. Copacabana, 267', 'Rio de Janeiro', 'RJ', '02389-890', 'Brazil'),
  (10288, 'REGGC', 4, '1996-08-23 00:00:00', '1996-09-20 00:00:00', '1996-09-03 00:00:00', 1, 7.45000, 'Reggiani Caseifici', 'Strada Provinciale 124', 'Reggio Emilia', 'null', '42100', 'Italy'),
  (10289, 'BSBEV', 7, '1996-08-26 00:00:00', '1996-09-23 00:00:00', '1996-08-28 00:00:00', 3, 22.77000, 'B\'s Beverages', 'Fauntleroy Circus', 'London', 'null', 'EC2 5NT', 'UK'),
  (10290, 'COMMI', 8, '1996-08-27 00:00:00', '1996-09-24 00:00:00', '1996-09-03 00:00:00', 1, 79.70000, 'Comércio Mineiro', 'Av. dos Lusíadas, 23', 'Sao Paulo', 'SP', '05432-043', 'Brazil'),
  (10291, 'QUEDE', 6, '1996-08-27 00:00:00', '1996-09-24 00:00:00', '1996-09-04 00:00:00', 2, 6.40000, 'Que Delícia', 'Rua da Panificadora, 12', 'Rio de Janeiro', 'RJ', '02389-673', 'Brazil'),
  (10292, 'TRADH', 1, '1996-08-28 00:00:00', '1996-09-25 00:00:00', '1996-09-02 00:00:00', 2, 1.35000, 'Tradiçao Hipermercados', 'Av. Inês de Castro, 414', 'Sao Paulo', 'SP', '05634-030', 'Brazil'),
  (10293, 'TORTU', 1, '1996-08-29 00:00:00', '1996-09-26 00:00:00', '1996-09-11 00:00:00', 3, 21.18000, 'Tortuga Restaurante', 'Avda. Azteca 123', 'México D.F.', 'null', '05033', 'Mexico'),
  (10294, 'RATTC', 4, '1996-08-30 00:00:00', '1996-09-27 00:00:00', '1996-09-05 00:00:00', 2, 147.26000, 'Rattlesnake Canyon Grocery', '2817 Milton Dr.', 'Albuquerque', 'NM', '87110', 'USA'),
  (10295, 'VINET', 2, '1996-09-02 00:00:00', '1996-09-30 00:00:00', '1996-09-10 00:00:00', 2, 1.15000, 'Vins et alcools Chevalier', '59 rue de l\'Abbaye', 'Reims', 'null', '51100', 'France'),
  (10296, 'LILAS', 6, '1996-09-03 00:00:00', '1996-10-01 00:00:00', '1996-09-11 00:00:00', 1, 0.12000, 'LILA-Supermercado', 'Carrera 52 con Ave. Bolívar #65-98 Llano Largo', 'Barquisimeto', 'Lara', '3508', 'Venezuela'),
  (10297, 'BLONP', 5, '1996-09-04 00:00:00', '1996-10-16 00:00:00', '1996-09-10 00:00:00', 2, 5.74000, 'Blondel père et fils', '24, place Kléber', 'Strasbourg', 'null', '67000', 'France'),
  (10298, 'HUNGO', 6, '1996-09-05 00:00:00', '1996-10-03 00:00:00', '1996-09-11 00:00:00', 2, 168.22000, 'Hungry Owl All-Night Grocers', '8 Johnstown Road', 'Cork', 'Co. Cork', 'null', 'Ireland'),
  (10299, 'RICAR', 4, '1996-09-06 00:00:00', '1996-10-04 00:00:00', '1996-09-13 00:00:00', 2, 29.76000, 'Ricardo Adocicados', 'Av. Copacabana, 267', 'Rio de Janeiro', 'RJ', '02389-890', 'Brazil'),
  (10300, 'MAGAA', 2, '1996-09-09 00:00:00', '1996-10-07 00:00:00', '1996-09-18 00:00:00', 2, 17.68000, 'Magazzini Alimentari Riuniti', 'Via Ludovico il Moro 22', 'Bergamo', 'null', '24100', 'Italy'),
  (10301, 'WANDK', 8, '1996-09-09 00:00:00', '1996-10-07 00:00:00', '1996-09-17 00:00:00', 2, 45.08000, 'Die Wandernde Kuh', 'Adenauerallee 900', 'Stuttgart', 'null', '70563', 'Germany'),
  (10302, 'SUPRD', 4, '1996-09-10 00:00:00', '1996-10-08 00:00:00', '1996-10-09 00:00:00', 2, 6.27000, 'Suprêmes délices', 'Boulevard Tirou, 255', 'Charleroi', 'null', 'B-6000', 'Belgium'),
  (10303, 'GODOS', 7, '1996-09-11 00:00:00', '1996-10-09 00:00:00', '1996-09-18 00:00:00', 2, 107.83000, 'Godos Cocina Típica', 'C/ Romero, 33', 'Sevilla', 'null', '41101', 'Spain'),
  (10304, 'TORTU', 1, '1996-09-12 00:00:00', '1996-10-10 00:00:00', '1996-09-17 00:00:00', 2, 63.79000, 'Tortuga Restaurante', 'Avda. Azteca 123', 'México D.F.', 'null', '05033', 'Mexico'),
  (10305, 'OLDWO', 8, '1996-09-13 00:00:00', '1996-10-11 00:00:00', '1996-10-09 00:00:00', 3, 257.62000, 'Old World Delicatessen', '2743 Bering St.', 'Anchorage', 'AK', '99508', 'USA'),
  (10306, 'ROMEY', 1, '1996-09-16 00:00:00', '1996-10-14 00:00:00', '1996-09-23 00:00:00', 3, 7.56000, 'Romero y tomillo', 'Gran Vía, 1', 'Madrid', 'null', '28001', 'Spain'),
  (10307, 'LONEP', 2, '1996-09-17 00:00:00', '1996-10-15 00:00:00', '1996-09-25 00:00:00', 2, 0.56000, 'Lonesome Pine Restaurant', '89 Chiaroscuro Rd.', 'Portland', 'OR', '97219', 'USA'),
  (10308, 'ANATR', 7, '1996-09-18 00:00:00', '1996-10-16 00:00:00', '1996-09-24 00:00:00', 3, 1.61000, 'Ana Trujillo Emparedados y helados', 'Avda. de la Constitución 2222', 'México D.F.', 'null', '05021', 'Mexico'),
  (10309, 'HUNGO', 3, '1996-09-19 00:00:00', '1996-10-17 00:00:00', '1996-10-23 00:00:00', 1, 47.30000, 'Hungry Owl All-Night Grocers', '8 Johnstown Road', 'Cork', 'Co. Cork', 'null', 'Ireland'),
  (10310, 'THEBI', 8, '1996-09-20 00:00:00', '1996-10-18 00:00:00', '1996-09-27 00:00:00', 2, 17.52000, 'The Big Cheese', '89 Jefferson Way Suite 2', 'Portland', 'OR', '97201', 'USA'),
  (10311, 'DUMON', 1, '1996-09-20 00:00:00', '1996-10-04 00:00:00', '1996-09-26 00:00:00', 3, 24.69000, 'Du monde entier', '67, rue des Cinquante Otages', 'Nantes', 'null', '44000', 'France'),
  (10312, 'WANDK', 2, '1996-09-23 00:00:00', '1996-10-21 00:00:00', '1996-10-03 00:00:00', 2, 40.26000, 'Die Wandernde Kuh', 'Adenauerallee 900', 'Stuttgart', 'null', '70563', 'Germany'),
  (10313, 'QUICK', 2, '1996-09-24 00:00:00', '1996-10-22 00:00:00', '1996-10-04 00:00:00', 2, 1.96000, 'QUICK-Stop', 'Taucherstraße 10', 'Cunewalde', 'null', '01307', 'Germany'),
  (10314, 'RATTC', 1, '1996-09-25 00:00:00', '1996-10-23 00:00:00', '1996-10-04 00:00:00', 2, 74.16000, 'Rattlesnake Canyon Grocery', '2817 Milton Dr.', 'Albuquerque', 'NM', '87110', 'USA'),
  (10315, 'ISLAT', 4, '1996-09-26 00:00:00', '1996-10-24 00:00:00', '1996-10-03 00:00:00', 2, 41.76000, 'Island Trading', 'Garden House Crowther Way', 'Cowes', 'Isle of Wight', 'PO31 7PJ', 'UK'),
  (10316, 'RATTC', 1, '1996-09-27 00:00:00', '1996-10-25 00:00:00', '1996-10-08 00:00:00', 3, 150.15000, 'Rattlesnake Canyon Grocery', '2817 Milton Dr.', 'Albuquerque', 'NM', '87110', 'USA'),
  (10317, 'LONEP', 6, '1996-09-30 00:00:00', '1996-10-28 00:00:00', '1996-10-10 00:00:00', 1, 12.69000, 'Lonesome Pine Restaurant', '89 Chiaroscuro Rd.', 'Portland', 'OR', '97219', 'USA'),
  (10318, 'ISLAT', 8, '1996-10-01 00:00:00', '1996-10-29 00:00:00', '1996-10-04 00:00:00', 2, 4.73000, 'Island Trading', 'Garden House Crowther Way', 'Cowes', 'Isle of Wight', 'PO31 7PJ', 'UK'),
  (10319, 'TORTU', 7, '1996-10-02 00:00:00', '1996-10-30 00:00:00', '1996-10-11 00:00:00', 3, 64.50000, 'Tortuga Restaurante', 'Avda. Azteca 123', 'México D.F.', 'null', '05033', 'Mexico'),
  (10320, 'WARTH', 5, '1996-10-03 00:00:00', '1996-10-17 00:00:00', '1996-10-18 00:00:00', 3, 34.57000, 'Wartian Herkku', 'Torikatu 38', 'Oulu', 'null', '90110', 'Finland'),
  (10321, 'ISLAT', 3, '1996-10-03 00:00:00', '1996-10-31 00:00:00', '1996-10-11 00:00:00', 2, 3.43000, 'Island Trading', 'Garden House Crowther Way', 'Cowes', 'Isle of Wight', 'PO31 7PJ', 'UK'),
  (10322, 'PERIC', 7, '1996-10-04 00:00:00', '1996-11-01 00:00:00', '1996-10-23 00:00:00', 3, 0.40000, 'Pericles Comidas clásicas', 'Calle Dr. Jorge Cash 321', 'México D.F.', 'null', '05033', 'Mexico'),
  (10323, 'KOENE', 4, '1996-10-07 00:00:00', '1996-11-04 00:00:00', '1996-10-14 00:00:00', 1, 4.88000, 'Königlich Essen', 'Maubelstr. 90', 'Brandenburg', 'null', '14776', 'Germany'),
  (10324, 'SAVEA', 9, '1996-10-08 00:00:00', '1996-11-05 00:00:00', '1996-10-10 00:00:00', 1, 214.27000, 'Save-a-lot Markets', '187 Suffolk Ln.', 'Boise', 'ID', '83720', 'USA'),
  (10325, 'KOENE', 1, '1996-10-09 00:00:00', '1996-10-23 00:00:00', '1996-10-14 00:00:00', 3, 64.86000, 'Königlich Essen', 'Maubelstr. 90', 'Brandenburg', 'null', '14776', 'Germany'),
  (10326, 'BOLID', 4, '1996-10-10 00:00:00', '1996-11-07 00:00:00', '1996-10-14 00:00:00', 2, 77.92000, 'Bólido Comidas preparadas', 'C/ Araquil, 67', 'Madrid', 'null', '28023', 'Spain'),
  (10327, 'FOLKO', 2, '1996-10-11 00:00:00', '1996-11-08 00:00:00', '1996-10-14 00:00:00', 1, 63.36000, 'Folk och fä HB', 'Åkergatan 24', 'Bräcke', 'null', 'S-844 67', 'Sweden'),
  (10328, 'FURIB', 4, '1996-10-14 00:00:00', '1996-11-11 00:00:00', '1996-10-17 00:00:00', 3, 87.03000, 'Furia Bacalhau e Frutos do Mar', 'Jardim das rosas n. 32', 'Lisboa', 'null', '1675', 'Portugal'),
  (10329, 'SPLIR', 4, '1996-10-15 00:00:00', '1996-11-26 00:00:00', '1996-10-23 00:00:00', 2, 191.67000, 'Split Rail Beer & Ale', 'P.O. Box 555', 'Lander', 'WY', '82520', 'USA'),
  (10330, 'LILAS', 3, '1996-10-16 00:00:00', '1996-11-13 00:00:00', '1996-10-28 00:00:00', 1, 12.75000, 'LILA-Supermercado', 'Carrera 52 con Ave. Bolívar #65-98 Llano Largo', 'Barquisimeto', 'Lara', '3508', 'Venezuela'),
  (10331, 'BONAP', 9, '1996-10-16 00:00:00', '1996-11-27 00:00:00', '1996-10-21 00:00:00', 1, 10.19000, 'Bon app\'', '12, rue des Bouchers', 'Marseille', 'null', '13008', 'France'),
  (10332, 'MEREP', 3, '1996-10-17 00:00:00', '1996-11-28 00:00:00', '1996-10-21 00:00:00', 2, 52.84000, 'Mère Paillarde', '43 rue St. Laurent', 'Montréal', 'Québec', 'H1J 1C3', 'Canada'),
  (10333, 'WARTH', 5, '1996-10-18 00:00:00', '1996-11-15 00:00:00', '1996-10-25 00:00:00', 3, 0.59000, 'Wartian Herkku', 'Torikatu 38', 'Oulu', 'null', '90110', 'Finland'),
  (10334, 'VICTE', 8, '1996-10-21 00:00:00', '1996-11-18 00:00:00', '1996-10-28 00:00:00', 2, 8.56000, 'Victuailles en stock', '2, rue du Commerce', 'Lyon', 'null', '69004', 'France'),
  (10335, 'HUNGO', 7, '1996-10-22 00:00:00', '1996-11-19 00:00:00', '1996-10-24 00:00:00', 2, 42.11000, 'Hungry Owl All-Night Grocers', '8 Johnstown Road', 'Cork', 'Co. Cork', 'null', 'Ireland'),
  (10336, 'PRINI', 7, '1996-10-23 00:00:00', '1996-11-20 00:00:00', '1996-10-25 00:00:00', 2, 15.51000, 'Princesa Isabel Vinhos', 'Estrada da saúde n. 58', 'Lisboa', 'null', '1756', 'Portugal'),
  (10337, 'FRANK', 4, '1996-10-24 00:00:00', '1996-11-21 00:00:00', '1996-10-29 00:00:00', 3, 108.26000, 'Frankenversand', 'Berliner Platz 43', 'München', 'null', '80805', 'Germany'),
  (10338, 'OLDWO', 4, '1996-10-25 00:00:00', '1996-11-22 00:00:00', '1996-10-29 00:00:00', 3, 84.21000, 'Old World Delicatessen', '2743 Bering St.', 'Anchorage', 'AK', '99508', 'USA'),
  (10339, 'MEREP', 2, '1996-10-28 00:00:00', '1996-11-25 00:00:00', '1996-11-04 00:00:00', 2, 15.66000, 'Mère Paillarde', '43 rue St. Laurent', 'Montréal', 'Québec', 'H1J 1C3', 'Canada'),
  (10340, 'BONAP', 1, '1996-10-29 00:00:00', '1996-11-26 00:00:00', '1996-11-08 00:00:00', 3, 166.31000, 'Bon app\'', '12, rue des Bouchers', 'Marseille', 'null', '13008', 'France'),
  (10341, 'SIMOB', 7, '1996-10-29 00:00:00', '1996-11-26 00:00:00', '1996-11-05 00:00:00', 3, 26.78000, 'Simons bistro', 'Vinbæltet 34', 'Kobenhavn', 'null', '1734', 'Denmark'),
  (10342, 'FRANK', 4, '1996-10-30 00:00:00', '1996-11-13 00:00:00', '1996-11-04 00:00:00', 2, 54.83000, 'Frankenversand', 'Berliner Platz 43', 'München', 'null', '80805', 'Germany'),
  (10343, 'LEHMS', 4, '1996-10-31 00:00:00', '1996-11-28 00:00:00', '1996-11-06 00:00:00', 1, 110.37000, 'Lehmanns Marktstand', 'Magazinweg 7', 'Frankfurt a.M.', 'null', '60528', 'Germany'),
  (10344, 'WHITC', 4, '1996-11-01 00:00:00', '1996-11-29 00:00:00', '1996-11-05 00:00:00', 2, 23.29000, 'White Clover Markets', '1029 - 12th Ave. S.', 'Seattle', 'WA', '98124', 'USA'),
  (10345, 'QUICK', 2, '1996-11-04 00:00:00', '1996-12-02 00:00:00', '1996-11-11 00:00:00', 2, 249.06000, 'QUICK-Stop', 'Taucherstraße 10', 'Cunewalde', 'null', '01307', 'Germany'),
  (10346, 'RATTC', 3, '1996-11-05 00:00:00', '1996-12-17 00:00:00', '1996-11-08 00:00:00', 3, 142.08000, 'Rattlesnake Canyon Grocery', '2817 Milton Dr.', 'Albuquerque', 'NM', '87110', 'USA'),
  (10347, 'FAMIA', 4, '1996-11-06 00:00:00', '1996-12-04 00:00:00', '1996-11-08 00:00:00', 3, 3.10000, 'Familia Arquibaldo', 'Rua Orós, 92', 'Sao Paulo', 'SP', '05442-030', 'Brazil'),
  (10348, 'WANDK', 4, '1996-11-07 00:00:00', '1996-12-05 00:00:00', '1996-11-15 00:00:00', 2, 0.78000, 'Die Wandernde Kuh', 'Adenauerallee 900', 'Stuttgart', 'null', '70563', 'Germany'),
  (10349, 'SPLIR', 7, '1996-11-08 00:00:00', '1996-12-06 00:00:00', '1996-11-15 00:00:00', 1, 8.63000, 'Split Rail Beer & Ale', 'P.O. Box 555', 'Lander', 'WY', '82520', 'USA'),
  (10350, 'LAMAI', 6, '1996-11-11 00:00:00', '1996-12-09 00:00:00', '1996-12-03 00:00:00', 2, 64.19000, 'La maison d\'Asie', '1 rue Alsace-Lorraine', 'Toulouse', 'null', '31000', 'France'),
  (10351, 'ERNSH', 1, '1996-11-11 00:00:00', '1996-12-09 00:00:00', '1996-11-20 00:00:00', 1, 162.33000, 'Ernst Handel', 'Kirchgasse 6', 'Graz', 'null', '8010', 'Austria'),
  (10352, 'FURIB', 3, '1996-11-12 00:00:00', '1996-11-26 00:00:00', '1996-11-18 00:00:00', 3, 1.30000, 'Furia Bacalhau e Frutos do Mar', 'Jardim das rosas n. 32', 'Lisboa', 'null', '1675', 'Portugal'),
  (10353, 'PICCO', 7, '1996-11-13 00:00:00', '1996-12-11 00:00:00', '1996-11-25 00:00:00', 3, 360.63000, 'Piccolo und mehr', 'Geislweg 14', 'Salzburg', 'null', '5020', 'Austria'),
  (10354, 'PERIC', 8, '1996-11-14 00:00:00', '1996-12-12 00:00:00', '1996-11-20 00:00:00', 3, 53.80000, 'Pericles Comidas clásicas', 'Calle Dr. Jorge Cash 321', 'México D.F.', 'null', '05033', 'Mexico'),
  (10355, 'AROUT', 6, '1996-11-15 00:00:00', '1996-12-13 00:00:00', '1996-11-20 00:00:00', 1, 41.95000, 'Around the Horn', 'Brook Farm Stratford St. Mary', 'Colchester', 'Essex', 'CO7 6JX', 'UK'),
  (10356, 'WANDK', 6, '1996-11-18 00:00:00', '1996-12-16 00:00:00', '1996-11-27 00:00:00', 2, 36.71000, 'Die Wandernde Kuh', 'Adenauerallee 900', 'Stuttgart', 'null', '70563', 'Germany'),
  (10357, 'LILAS', 1, '1996-11-19 00:00:00', '1996-12-17 00:00:00', '1996-12-02 00:00:00', 3, 34.88000, 'LILA-Supermercado', 'Carrera 52 con Ave. Bolívar #65-98 Llano Largo', 'Barquisimeto', 'Lara', '3508', 'Venezuela'),
  (10358, 'LAMAI', 5, '1996-11-20 00:00:00', '1996-12-18 00:00:00', '1996-11-27 00:00:00', 1, 19.64000, 'La maison d\'Asie', '1 rue Alsace-Lorraine', 'Toulouse', 'null', '31000', 'France'),
  (10359, 'SEVES', 5, '1996-11-21 00:00:00', '1996-12-19 00:00:00', '1996-11-26 00:00:00', 3, 288.43000, 'Seven Seas Imports', '90 Wadhurst Rd.', 'London', 'null', 'OX15 4NB', 'UK'),
  (10360, 'BLONP', 4, '1996-11-22 00:00:00', '1996-12-20 00:00:00', '1996-12-02 00:00:00', 3, 131.70000, 'Blondel père et fils', '24, place Kléber', 'Strasbourg', 'null', '67000', 'France'),
  (10361, 'QUICK', 1, '1996-11-22 00:00:00', '1996-12-20 00:00:00', '1996-12-03 00:00:00', 2, 183.17000, 'QUICK-Stop', 'Taucherstraße 10', 'Cunewalde', 'null', '01307', 'Germany'),
  (10362, 'BONAP', 3, '1996-11-25 00:00:00', '1996-12-23 00:00:00', '1996-11-28 00:00:00', 1, 96.04000, 'Bon app\'', '12, rue des Bouchers', 'Marseille', 'null', '13008', 'France'),
  (10363, 'DRACD', 4, '1996-11-26 00:00:00', '1996-12-24 00:00:00', '1996-12-04 00:00:00', 3, 30.54000, 'Drachenblut Delikatessen', 'Walserweg 21', 'Aachen', 'null', '52066', 'Germany'),
  (10364, 'EASTC', 1, '1996-11-26 00:00:00', '1997-01-07 00:00:00', '1996-12-04 00:00:00', 1, 71.97000, 'Eastern Connection', '35 King George', 'London', 'null', 'WX3 6FW', 'UK'),
  (10365, 'ANTON', 3, '1996-11-27 00:00:00', '1996-12-25 00:00:00', '1996-12-02 00:00:00', 2, 22.00000, 'Antonio Moreno Taquería', 'Mataderos  2312', 'México D.F.', 'null', '05023', 'Mexico'),
  (10366, 'GALED', 8, '1996-11-28 00:00:00', '1997-01-09 00:00:00', '1996-12-30 00:00:00', 2, 10.14000, 'Galería del gastronómo', 'Rambla de Cataluña, 23', 'Barcelona', 'null', '8022', 'Spain'),
  (10367, 'VAFFE', 7, '1996-11-28 00:00:00', '1996-12-26 00:00:00', '1996-12-02 00:00:00', 3, 13.55000, 'Vaffeljernet', 'Smagsloget 45', 'Århus', 'null', '8200', 'Denmark'),
  (10368, 'ERNSH', 2, '1996-11-29 00:00:00', '1996-12-27 00:00:00', '1996-12-02 00:00:00', 2, 101.95000, 'Ernst Handel', 'Kirchgasse 6', 'Graz', 'null', '8010', 'Austria'),
  (10369, 'SPLIR', 8, '1996-12-02 00:00:00', '1996-12-30 00:00:00', '1996-12-09 00:00:00', 2, 195.68000, 'Split Rail Beer & Ale', 'P.O. Box 555', 'Lander', 'WY', '82520', 'USA'),
  (10370, 'CHOPS', 6, '1996-12-03 00:00:00', '1996-12-31 00:00:00', '1996-12-27 00:00:00', 2, 1.17000, 'Chop-suey Chinese', 'Hauptstr. 31', 'Bern', 'null', '3012', 'Switzerland'),
  (10371, 'LAMAI', 1, '1996-12-03 00:00:00', '1996-12-31 00:00:00', '1996-12-24 00:00:00', 1, 0.45000, 'La maison d\'Asie', '1 rue Alsace-Lorraine', 'Toulouse', 'null', '31000', 'France'),
  (10372, 'QUEEN', 5, '1996-12-04 00:00:00', '1997-01-01 00:00:00', '1996-12-09 00:00:00', 2, 890.78000, 'Queen Cozinha', 'Alameda dos Canàrios, 891', 'Sao Paulo', 'SP', '05487-020', 'Brazil'),
  (10373, 'HUNGO', 4, '1996-12-05 00:00:00', '1997-01-02 00:00:00', '1996-12-11 00:00:00', 3, 124.12000, 'Hungry Owl All-Night Grocers', '8 Johnstown Road', 'Cork', 'Co. Cork', 'null', 'Ireland'),
  (10374, 'WOLZA', 1, '1996-12-05 00:00:00', '1997-01-02 00:00:00', '1996-12-09 00:00:00', 3, 3.94000, 'Wolski Zajazd', 'ul. Filtrowa 68', 'Warszawa', 'null', '01-012', 'Poland'),
  (10375, 'HUNGC', 3, '1996-12-06 00:00:00', '1997-01-03 00:00:00', '1996-12-09 00:00:00', 2, 20.12000, 'Hungry Coyote Import Store', 'City Center Plaza 516 Main St.', 'Elgin', 'OR', '97827', 'USA'),
  (10376, 'MEREP', 1, '1996-12-09 00:00:00', '1997-01-06 00:00:00', '1996-12-13 00:00:00', 2, 20.39000, 'Mère Paillarde', '43 rue St. Laurent', 'Montréal', 'Québec', 'H1J 1C3', 'Canada'),
  (10377, 'SEVES', 1, '1996-12-09 00:00:00', '1997-01-06 00:00:00', '1996-12-13 00:00:00', 3, 22.21000, 'Seven Seas Imports', '90 Wadhurst Rd.', 'London', 'null', 'OX15 4NB', 'UK'),
  (10378, 'FOLKO', 5, '1996-12-10 00:00:00', '1997-01-07 00:00:00', '1996-12-19 00:00:00', 3, 5.44000, 'Folk och fä HB', 'Åkergatan 24', 'Bräcke', 'null', 'S-844 67', 'Sweden'),
  (10379, 'QUEDE', 2, '1996-12-11 00:00:00', '1997-01-08 00:00:00', '1996-12-13 00:00:00', 1, 45.03000, 'Que Delícia', 'Rua da Panificadora, 12', 'Rio de Janeiro', 'RJ', '02389-673', 'Brazil'),
  (10380, 'HUNGO', 8, '1996-12-12 00:00:00', '1997-01-09 00:00:00', '1997-01-16 00:00:00', 3, 35.03000, 'Hungry Owl All-Night Grocers', '8 Johnstown Road', 'Cork', 'Co. Cork', 'null', 'Ireland'),
  (10381, 'LILAS', 3, '1996-12-12 00:00:00', '1997-01-09 00:00:00', '1996-12-13 00:00:00', 3, 7.99000, 'LILA-Supermercado', 'Carrera 52 con Ave. Bolívar #65-98 Llano Largo', 'Barquisimeto', 'Lara', '3508', 'Venezuela'),
  (10382, 'ERNSH', 4, '1996-12-13 00:00:00', '1997-01-10 00:00:00', '1996-12-16 00:00:00', 1, 94.77000, 'Ernst Handel', 'Kirchgasse 6', 'Graz', 'null', '8010', 'Austria'),
  (10383, 'AROUT', 8, '1996-12-16 00:00:00', '1997-01-13 00:00:00', '1996-12-18 00:00:00', 3, 34.24000, 'Around the Horn', 'Brook Farm Stratford St. Mary', 'Colchester', 'Essex', 'CO7 6JX', 'UK'),
  (10384, 'BERGS', 3, '1996-12-16 00:00:00', '1997-01-13 00:00:00', '1996-12-20 00:00:00', 3, 168.64000, 'Berglunds snabbköp', 'Berguvsvägen  8', 'Luleå', 'null', 'S-958 22', 'Sweden'),
  (10385, 'SPLIR', 1, '1996-12-17 00:00:00', '1997-01-14 00:00:00', '1996-12-23 00:00:00', 2, 30.96000, 'Split Rail Beer & Ale', 'P.O. Box 555', 'Lander', 'WY', '82520', 'USA'),
  (10386, 'FAMIA', 9, '1996-12-18 00:00:00', '1997-01-01 00:00:00', '1996-12-25 00:00:00', 3, 13.99000, 'Familia Arquibaldo', 'Rua Orós, 92', 'Sao Paulo', 'SP', '05442-030', 'Brazil'),
  (10387, 'SANTG', 1, '1996-12-18 00:00:00', '1997-01-15 00:00:00', '1996-12-20 00:00:00', 2, 93.63000, 'Santé Gourmet', 'Erling Skakkes gate 78', 'Stavern', 'null', '4110', 'Norway'),
  (10388, 'SEVES', 2, '1996-12-19 00:00:00', '1997-01-16 00:00:00', '1996-12-20 00:00:00', 1, 34.86000, 'Seven Seas Imports', '90 Wadhurst Rd.', 'London', 'null', 'OX15 4NB', 'UK'),
  (10389, 'BOTTM', 4, '1996-12-20 00:00:00', '1997-01-17 00:00:00', '1996-12-24 00:00:00', 2, 47.42000, 'Bottom-Dollar Markets', '23 Tsawassen Blvd.', 'Tsawassen', 'BC', 'T2F 8M4', 'Canada'),
  (10390, 'ERNSH', 6, '1996-12-23 00:00:00', '1997-01-20 00:00:00', '1996-12-26 00:00:00', 1, 126.38000, 'Ernst Handel', 'Kirchgasse 6', 'Graz', 'null', '8010', 'Austria'),
  (10391, 'DRACD', 3, '1996-12-23 00:00:00', '1997-01-20 00:00:00', '1996-12-31 00:00:00', 3, 5.45000, 'Drachenblut Delikatessen', 'Walserweg 21', 'Aachen', 'null', '52066', 'Germany'),
  (10392, 'PICCO', 2, '1996-12-24 00:00:00', '1997-01-21 00:00:00', '1997-01-01 00:00:00', 3, 122.46000, 'Piccolo und mehr', 'Geislweg 14', 'Salzburg', 'null', '5020', 'Austria'),
  (10393, 'SAVEA', 1, '1996-12-25 00:00:00', '1997-01-22 00:00:00', '1997-01-03 00:00:00', 3, 126.56000, 'Save-a-lot Markets', '187 Suffolk Ln.', 'Boise', 'ID', '83720', 'USA'),
  (10394, 'HUNGC', 1, '1996-12-25 00:00:00', '1997-01-22 00:00:00', '1997-01-03 00:00:00', 3, 30.34000, 'Hungry Coyote Import Store', 'City Center Plaza 516 Main St.', 'Elgin', 'OR', '97827', 'USA'),
  (10395, 'HILAA', 6, '1996-12-26 00:00:00', '1997-01-23 00:00:00', '1997-01-03 00:00:00', 1, 184.41000, 'HILARION-Abastos', 'Carrera 22 con Ave. Carlos Soublette #8-35', 'San Cristóbal', 'Táchira', '5022', 'Venezuela'),
  (10396, 'FRANK', 1, '1996-12-27 00:00:00', '1997-01-10 00:00:00', '1997-01-06 00:00:00', 3, 135.35000, 'Frankenversand', 'Berliner Platz 43', 'München', 'null', '80805', 'Germany'),
  (10397, 'PRINI', 5, '1996-12-27 00:00:00', '1997-01-24 00:00:00', '1997-01-02 00:00:00', 1, 60.26000, 'Princesa Isabel Vinhos', 'Estrada da saúde n. 58', 'Lisboa', 'null', '1756', 'Portugal'),
  (10398, 'SAVEA', 2, '1996-12-30 00:00:00', '1997-01-27 00:00:00', '1997-01-09 00:00:00', 3, 89.16000, 'Save-a-lot Markets', '187 Suffolk Ln.', 'Boise', 'ID', '83720', 'USA'),
  (10399, 'VAFFE', 8, '1996-12-31 00:00:00', '1997-01-14 00:00:00', '1997-01-08 00:00:00', 3, 27.36000, 'Vaffeljernet', 'Smagsloget 45', 'Århus', 'null', '8200', 'Denmark'),
  (10400, 'EASTC', 1, '1997-01-01 00:00:00', '1997-01-29 00:00:00', '1997-01-16 00:00:00', 3, 83.93000, 'Eastern Connection', '35 King George', 'London', 'null', 'WX3 6FW', 'UK'),
  (10401, 'RATTC', 1, '1997-01-01 00:00:00', '1997-01-29 00:00:00', '1997-01-10 00:00:00', 1, 12.51000, 'Rattlesnake Canyon Grocery', '2817 Milton Dr.', 'Albuquerque', 'NM', '87110', 'USA'),
  (10402, 'ERNSH', 8, '1997-01-02 00:00:00', '1997-02-13 00:00:00', '1997-01-10 00:00:00', 2, 67.88000, 'Ernst Handel', 'Kirchgasse 6', 'Graz', 'null', '8010', 'Austria'),
  (10403, 'ERNSH', 4, '1997-01-03 00:00:00', '1997-01-31 00:00:00', '1997-01-09 00:00:00', 3, 73.79000, 'Ernst Handel', 'Kirchgasse 6', 'Graz', 'null', '8010', 'Austria'),
  (10404, 'MAGAA', 2, '1997-01-03 00:00:00', '1997-01-31 00:00:00', '1997-01-08 00:00:00', 1, 155.97000, 'Magazzini Alimentari Riuniti', 'Via Ludovico il Moro 22', 'Bergamo', 'null', '24100', 'Italy'),
  (10405, 'LINOD', 1, '1997-01-06 00:00:00', '1997-02-03 00:00:00', '1997-01-22 00:00:00', 1, 34.82000, 'LINO-Delicateses', 'Ave. 5 de Mayo Porlamar', 'I. de Margarita', 'Nueva Esparta', '4980', 'Venezuela'),
  (10406, 'QUEEN', 7, '1997-01-07 00:00:00', '1997-02-18 00:00:00', '1997-01-13 00:00:00', 1, 108.04000, 'Queen Cozinha', 'Alameda dos Canàrios, 891', 'Sao Paulo', 'SP', '05487-020', 'Brazil'),
  (10407, 'OTTIK', 2, '1997-01-07 00:00:00', '1997-02-04 00:00:00', '1997-01-30 00:00:00', 2, 91.48000, 'Ottilies Käseladen', 'Mehrheimerstr. 369', 'Köln', 'null', '50739', 'Germany'),
  (10408, 'FOLIG', 8, '1997-01-08 00:00:00', '1997-02-05 00:00:00', '1997-01-14 00:00:00', 1, 11.26000, 'Folies gourmandes', '184, chaussée de Tournai', 'Lille', 'null', '59000', 'France'),
  (10409, 'OCEAN', 3, '1997-01-09 00:00:00', '1997-02-06 00:00:00', '1997-01-14 00:00:00', 1, 29.83000, 'Océano Atlántico Ltda.', 'Ing. Gustavo Moncada 8585 Piso 20-A', 'Buenos Aires', 'null', '1010', 'Argentina'),
  (10410, 'BOTTM', 3, '1997-01-10 00:00:00', '1997-02-07 00:00:00', '1997-01-15 00:00:00', 3, 2.40000, 'Bottom-Dollar Markets', '23 Tsawassen Blvd.', 'Tsawassen', 'BC', 'T2F 8M4', 'Canada'),
  (10411, 'BOTTM', 9, '1997-01-10 00:00:00', '1997-02-07 00:00:00', '1997-01-21 00:00:00', 3, 23.65000, 'Bottom-Dollar Markets', '23 Tsawassen Blvd.', 'Tsawassen', 'BC', 'T2F 8M4', 'Canada'),
  (10412, 'WARTH', 8, '1997-01-13 00:00:00', '1997-02-10 00:00:00', '1997-01-15 00:00:00', 2, 3.77000, 'Wartian Herkku', 'Torikatu 38', 'Oulu', 'null', '90110', 'Finland'),
  (10413, 'LAMAI', 3, '1997-01-14 00:00:00', '1997-02-11 00:00:00', '1997-01-16 00:00:00', 2, 95.66000, 'La maison d\'Asie', '1 rue Alsace-Lorraine', 'Toulouse', 'null', '31000', 'France'),
  (10414, 'FAMIA', 2, '1997-01-14 00:00:00', '1997-02-11 00:00:00', '1997-01-17 00:00:00', 3, 21.48000, 'Familia Arquibaldo', 'Rua Orós, 92', 'Sao Paulo', 'SP', '05442-030', 'Brazil'),
  (10415, 'HUNGC', 3, '1997-01-15 00:00:00', '1997-02-12 00:00:00', '1997-01-24 00:00:00', 1, 0.20000, 'Hungry Coyote Import Store', 'City Center Plaza 516 Main St.', 'Elgin', 'OR', '97827', 'USA'),
  (10416, 'WARTH', 8, '1997-01-16 00:00:00', '1997-02-13 00:00:00', '1997-01-27 00:00:00', 3, 22.72000, 'Wartian Herkku', 'Torikatu 38', 'Oulu', 'null', '90110', 'Finland'),
  (10417, 'SIMOB', 4, '1997-01-16 00:00:00', '1997-02-13 00:00:00', '1997-01-28 00:00:00', 3, 70.29000, 'Simons bistro', 'Vinbæltet 34', 'Kobenhavn', 'null', '1734', 'Denmark'),
  (10418, 'QUICK', 4, '1997-01-17 00:00:00', '1997-02-14 00:00:00', '1997-01-24 00:00:00', 1, 17.55000, 'QUICK-Stop', 'Taucherstraße 10', 'Cunewalde', 'null', '01307', 'Germany'),
  (10419, 'RICSU', 4, '1997-01-20 00:00:00', '1997-02-17 00:00:00', '1997-01-30 00:00:00', 2, 137.35000, 'Richter Supermarkt', 'Starenweg 5', 'Genève', 'null', '1204', 'Switzerland'),
  (10420, 'WELLI', 3, '1997-01-21 00:00:00', '1997-02-18 00:00:00', '1997-01-27 00:00:00', 1, 44.12000, 'Wellington Importadora', 'Rua do Mercado, 12', 'Resende', 'SP', '08737-363', 'Brazil'),
  (10421, 'QUEDE', 8, '1997-01-21 00:00:00', '1997-03-04 00:00:00', '1997-01-27 00:00:00', 1, 99.23000, 'Que Delícia', 'Rua da Panificadora, 12', 'Rio de Janeiro', 'RJ', '02389-673', 'Brazil'),
  (10422, 'FRANS', 2, '1997-01-22 00:00:00', '1997-02-19 00:00:00', '1997-01-31 00:00:00', 1, 3.02000, 'Franchi S.p.A.', 'Via Monte Bianco 34', 'Torino', 'null', '10100', 'Italy'),
  (10423, 'GOURL', 6, '1997-01-23 00:00:00', '1997-02-06 00:00:00', '1997-02-24 00:00:00', 3, 24.50000, 'Gourmet Lanchonetes', 'Av. Brasil, 442', 'Campinas', 'SP', '04876-786', 'Brazil'),
  (10424, 'MEREP', 7, '1997-01-23 00:00:00', '1997-02-20 00:00:00', '1997-01-27 00:00:00', 2, 370.61000, 'Mère Paillarde', '43 rue St. Laurent', 'Montréal', 'Québec', 'H1J 1C3', 'Canada'),
  (10425, 'LAMAI', 6, '1997-01-24 00:00:00', '1997-02-21 00:00:00', '1997-02-14 00:00:00', 2, 7.93000, 'La maison d\'Asie', '1 rue Alsace-Lorraine', 'Toulouse', 'null', '31000', 'France'),
  (10426, 'GALED', 4, '1997-01-27 00:00:00', '1997-02-24 00:00:00', '1997-02-06 00:00:00', 1, 18.69000, 'Galería del gastronómo', 'Rambla de Cataluña, 23', 'Barcelona', 'null', '8022', 'Spain'),
  (10427, 'PICCO', 4, '1997-01-27 00:00:00', '1997-02-24 00:00:00', '1997-03-03 00:00:00', 2, 31.29000, 'Piccolo und mehr', 'Geislweg 14', 'Salzburg', 'null', '5020', 'Austria'),
  (10428, 'REGGC', 7, '1997-01-28 00:00:00', '1997-02-25 00:00:00', '1997-02-04 00:00:00', 1, 11.09000, 'Reggiani Caseifici', 'Strada Provinciale 124', 'Reggio Emilia', 'null', '42100', 'Italy'),
  (10429, 'HUNGO', 3, '1997-01-29 00:00:00', '1997-03-12 00:00:00', '1997-02-07 00:00:00', 2, 56.63000, 'Hungry Owl All-Night Grocers', '8 Johnstown Road', 'Cork', 'Co. Cork', 'null', 'Ireland'),
  (10430, 'ERNSH', 4, '1997-01-30 00:00:00', '1997-02-13 00:00:00', '1997-02-03 00:00:00', 1, 458.78000, 'Ernst Handel', 'Kirchgasse 6', 'Graz', 'null', '8010', 'Austria'),
  (10431, 'BOTTM', 4, '1997-01-30 00:00:00', '1997-02-13 00:00:00', '1997-02-07 00:00:00', 2, 44.17000, 'Bottom-Dollar Markets', '23 Tsawassen Blvd.', 'Tsawassen', 'BC', 'T2F 8M4', 'Canada'),
  (10432, 'SPLIR', 3, '1997-01-31 00:00:00', '1997-02-14 00:00:00', '1997-02-07 00:00:00', 2, 4.34000, 'Split Rail Beer & Ale', 'P.O. Box 555', 'Lander', 'WY', '82520', 'USA'),
  (10433, 'PRINI', 3, '1997-02-03 00:00:00', '1997-03-03 00:00:00', '1997-03-04 00:00:00', 3, 73.83000, 'Princesa Isabel Vinhos', 'Estrada da saúde n. 58', 'Lisboa', 'null', '1756', 'Portugal'),
  (10434, 'FOLKO', 3, '1997-02-03 00:00:00', '1997-03-03 00:00:00', '1997-02-13 00:00:00', 2, 17.92000, 'Folk och fä HB', 'Åkergatan 24', 'Bräcke', 'null', 'S-844 67', 'Sweden'),
  (10435, 'CONSH', 8, '1997-02-04 00:00:00', '1997-03-18 00:00:00', '1997-02-07 00:00:00', 2, 9.21000, 'Consolidated Holdings', 'Berkeley Gardens 12  Brewery', 'London', 'null', 'WX1 6LT', 'UK'),
  (10436, 'BLONP', 3, '1997-02-05 00:00:00', '1997-03-05 00:00:00', '1997-02-11 00:00:00', 2, 156.66000, 'Blondel père et fils', '24, place Kléber', 'Strasbourg', 'null', '67000', 'France'),
  (10437, 'WARTH', 8, '1997-02-05 00:00:00', '1997-03-05 00:00:00', '1997-02-12 00:00:00', 1, 19.97000, 'Wartian Herkku', 'Torikatu 38', 'Oulu', 'null', '90110', 'Finland'),
  (10438, 'TOMSP', 3, '1997-02-06 00:00:00', '1997-03-06 00:00:00', '1997-02-14 00:00:00', 2, 8.24000, 'Toms Spezialitäten', 'Luisenstr. 48', 'Münster', 'null', '44087', 'Germany'),
  (10439, 'MEREP', 6, '1997-02-07 00:00:00', '1997-03-07 00:00:00', '1997-02-10 00:00:00', 3, 4.07000, 'Mère Paillarde', '43 rue St. Laurent', 'Montréal', 'Québec', 'H1J 1C3', 'Canada'),
  (10440, 'SAVEA', 4, '1997-02-10 00:00:00', '1997-03-10 00:00:00', '1997-02-28 00:00:00', 2, 86.53000, 'Save-a-lot Markets', '187 Suffolk Ln.', 'Boise', 'ID', '83720', 'USA'),
  (10441, 'OLDWO', 3, '1997-02-10 00:00:00', '1997-03-24 00:00:00', '1997-03-14 00:00:00', 2, 73.02000, 'Old World Delicatessen', '2743 Bering St.', 'Anchorage', 'AK', '99508', 'USA'),
  (10442, 'ERNSH', 3, '1997-02-11 00:00:00', '1997-03-11 00:00:00', '1997-02-18 00:00:00', 2, 47.94000, 'Ernst Handel', 'Kirchgasse 6', 'Graz', 'null', '8010', 'Austria'),
  (10443, 'REGGC', 8, '1997-02-12 00:00:00', '1997-03-12 00:00:00', '1997-02-14 00:00:00', 1, 13.95000, 'Reggiani Caseifici', 'Strada Provinciale 124', 'Reggio Emilia', 'null', '42100', 'Italy'),
  (10444, 'BERGS', 3, '1997-02-12 00:00:00', '1997-03-12 00:00:00', '1997-02-21 00:00:00', 3, 3.50000, 'Berglunds snabbköp', 'Berguvsvägen  8', 'Luleå', 'null', 'S-958 22', 'Sweden'),
  (10445, 'BERGS', 3, '1997-02-13 00:00:00', '1997-03-13 00:00:00', '1997-02-20 00:00:00', 1, 9.30000, 'Berglunds snabbköp', 'Berguvsvägen  8', 'Luleå', 'null', 'S-958 22', 'Sweden'),
  (10446, 'TOMSP', 6, '1997-02-14 00:00:00', '1997-03-14 00:00:00', '1997-02-19 00:00:00', 1, 14.68000, 'Toms Spezialitäten', 'Luisenstr. 48', 'Münster', 'null', '44087', 'Germany'),
  (10447, 'RICAR', 4, '1997-02-14 00:00:00', '1997-03-14 00:00:00', '1997-03-07 00:00:00', 2, 68.66000, 'Ricardo Adocicados', 'Av. Copacabana, 267', 'Rio de Janeiro', 'RJ', '02389-890', 'Brazil'),
  (10448, 'RANCH', 4, '1997-02-17 00:00:00', '1997-03-17 00:00:00', '1997-02-24 00:00:00', 2, 38.82000, 'Rancho grande', 'Av. del Libertador 900', 'Buenos Aires', 'null', '1010', 'Argentina'),
  (10449, 'BLONP', 3, '1997-02-18 00:00:00', '1997-03-18 00:00:00', '1997-02-27 00:00:00', 2, 53.30000, 'Blondel père et fils', '24, place Kléber', 'Strasbourg', 'null', '67000', 'France'),
  (10450, 'VICTE', 8, '1997-02-19 00:00:00', '1997-03-19 00:00:00', '1997-03-11 00:00:00', 2, 7.23000, 'Victuailles en stock', '2, rue du Commerce', 'Lyon', 'null', '69004', 'France'),
  (10451, 'QUICK', 4, '1997-02-19 00:00:00', '1997-03-05 00:00:00', '1997-03-12 00:00:00', 3, 189.09000, 'QUICK-Stop', 'Taucherstraße 10', 'Cunewalde', 'null', '01307', 'Germany'),
  (10452, 'SAVEA', 8, '1997-02-20 00:00:00', '1997-03-20 00:00:00', '1997-02-26 00:00:00', 1, 140.26000, 'Save-a-lot Markets', '187 Suffolk Ln.', 'Boise', 'ID', '83720', 'USA'),
  (10453, 'AROUT', 1, '1997-02-21 00:00:00', '1997-03-21 00:00:00', '1997-02-26 00:00:00', 2, 25.36000, 'Around the Horn', 'Brook Farm Stratford St. Mary', 'Colchester', 'Essex', 'CO7 6JX', 'UK'),
  (10454, 'LAMAI', 4, '1997-02-21 00:00:00', '1997-03-21 00:00:00', '1997-02-25 00:00:00', 3, 2.74000, 'La maison d\'Asie', '1 rue Alsace-Lorraine', 'Toulouse', 'null', '31000', 'France'),
  (10455, 'WARTH', 8, '1997-02-24 00:00:00', '1997-04-07 00:00:00', '1997-03-03 00:00:00', 2, 180.45000, 'Wartian Herkku', 'Torikatu 38', 'Oulu', 'null', '90110', 'Finland'),
  (10456, 'KOENE', 8, '1997-02-25 00:00:00', '1997-04-08 00:00:00', '1997-02-28 00:00:00', 2, 8.12000, 'Königlich Essen', 'Maubelstr. 90', 'Brandenburg', 'null', '14776', 'Germany'),
  (10457, 'KOENE', 2, '1997-02-25 00:00:00', '1997-03-25 00:00:00', '1997-03-03 00:00:00', 1, 11.57000, 'Königlich Essen', 'Maubelstr. 90', 'Brandenburg', 'null', '14776', 'Germany'),
  (10458, 'SUPRD', 7, '1997-02-26 00:00:00', '1997-03-26 00:00:00', '1997-03-04 00:00:00', 3, 147.06000, 'Suprêmes délices', 'Boulevard Tirou, 255', 'Charleroi', 'null', 'B-6000', 'Belgium'),
  (10459, 'VICTE', 4, '1997-02-27 00:00:00', '1997-03-27 00:00:00', '1997-02-28 00:00:00', 2, 25.09000, 'Victuailles en stock', '2, rue du Commerce', 'Lyon', 'null', '69004', 'France'),
  (10460, 'FOLKO', 8, '1997-02-28 00:00:00', '1997-03-28 00:00:00', '1997-03-03 00:00:00', 1, 16.27000, 'Folk och fä HB', 'Åkergatan 24', 'Bräcke', 'null', 'S-844 67', 'Sweden'),
  (10461, 'LILAS', 1, '1997-02-28 00:00:00', '1997-03-28 00:00:00', '1997-03-05 00:00:00', 3, 148.61000, 'LILA-Supermercado', 'Carrera 52 con Ave. Bolívar #65-98 Llano Largo', 'Barquisimeto', 'Lara', '3508', 'Venezuela'),
  (10462, 'CONSH', 2, '1997-03-03 00:00:00', '1997-03-31 00:00:00', '1997-03-18 00:00:00', 1, 6.17000, 'Consolidated Holdings', 'Berkeley Gardens 12  Brewery', 'London', 'null', 'WX1 6LT', 'UK'),
  (10463, 'SUPRD', 5, '1997-03-04 00:00:00', '1997-04-01 00:00:00', '1997-03-06 00:00:00', 3, 14.78000, 'Suprêmes délices', 'Boulevard Tirou, 255', 'Charleroi', 'null', 'B-6000', 'Belgium'),
  (10464, 'FURIB', 4, '1997-03-04 00:00:00', '1997-04-01 00:00:00', '1997-03-14 00:00:00', 2, 89.00000, 'Furia Bacalhau e Frutos do Mar', 'Jardim das rosas n. 32', 'Lisboa', 'null', '1675', 'Portugal'),
  (10465, 'VAFFE', 1, '1997-03-05 00:00:00', '1997-04-02 00:00:00', '1997-03-14 00:00:00', 3, 145.04000, 'Vaffeljernet', 'Smagsloget 45', 'Århus', 'null', '8200', 'Denmark'),
  (10466, 'COMMI', 4, '1997-03-06 00:00:00', '1997-04-03 00:00:00', '1997-03-13 00:00:00', 1, 11.93000, 'Comércio Mineiro', 'Av. dos Lusíadas, 23', 'Sao Paulo', 'SP', '05432-043', 'Brazil'),
  (10467, 'MAGAA', 8, '1997-03-06 00:00:00', '1997-04-03 00:00:00', '1997-03-11 00:00:00', 2, 4.93000, 'Magazzini Alimentari Riuniti', 'Via Ludovico il Moro 22', 'Bergamo', 'null', '24100', 'Italy'),
  (10468, 'KOENE', 3, '1997-03-07 00:00:00', '1997-04-04 00:00:00', '1997-03-12 00:00:00', 3, 44.12000, 'Königlich Essen', 'Maubelstr. 90', 'Brandenburg', 'null', '14776', 'Germany'),
  (10469, 'WHITC', 1, '1997-03-10 00:00:00', '1997-04-07 00:00:00', '1997-03-14 00:00:00', 1, 60.18000, 'White Clover Markets', '1029 - 12th Ave. S.', 'Seattle', 'WA', '98124', 'USA'),
  (10470, 'BONAP', 4, '1997-03-11 00:00:00', '1997-04-08 00:00:00', '1997-03-14 00:00:00', 2, 64.56000, 'Bon app\'', '12, rue des Bouchers', 'Marseille', 'null', '13008', 'France'),
  (10471, 'BSBEV', 2, '1997-03-11 00:00:00', '1997-04-08 00:00:00', '1997-03-18 00:00:00', 3, 45.59000, 'B\'s Beverages', 'Fauntleroy Circus', 'London', 'null', 'EC2 5NT', 'UK'),
  (10472, 'SEVES', 8, '1997-03-12 00:00:00', '1997-04-09 00:00:00', '1997-03-19 00:00:00', 1, 4.20000, 'Seven Seas Imports', '90 Wadhurst Rd.', 'London', 'null', 'OX15 4NB', 'UK'),
  (10473, 'ISLAT', 1, '1997-03-13 00:00:00', '1997-03-27 00:00:00', '1997-03-21 00:00:00', 3, 16.37000, 'Island Trading', 'Garden House Crowther Way', 'Cowes', 'Isle of Wight', 'PO31 7PJ', 'UK'),
  (10474, 'PERIC', 5, '1997-03-13 00:00:00', '1997-04-10 00:00:00', '1997-03-21 00:00:00', 2, 83.49000, 'Pericles Comidas clásicas', 'Calle Dr. Jorge Cash 321', 'México D.F.', 'null', '05033', 'Mexico'),
  (10475, 'SUPRD', 9, '1997-03-14 00:00:00', '1997-04-11 00:00:00', '1997-04-04 00:00:00', 1, 68.52000, 'Suprêmes délices', 'Boulevard Tirou, 255', 'Charleroi', 'null', 'B-6000', 'Belgium'),
  (10476, 'HILAA', 8, '1997-03-17 00:00:00', '1997-04-14 00:00:00', '1997-03-24 00:00:00', 3, 4.41000, 'HILARION-Abastos', 'Carrera 22 con Ave. Carlos Soublette #8-35', 'San Cristóbal', 'Táchira', '5022', 'Venezuela'),
  (10477, 'PRINI', 5, '1997-03-17 00:00:00', '1997-04-14 00:00:00', '1997-03-25 00:00:00', 2, 13.02000, 'Princesa Isabel Vinhos', 'Estrada da saúde n. 58', 'Lisboa', 'null', '1756', 'Portugal'),
  (10478, 'VICTE', 2, '1997-03-18 00:00:00', '1997-04-01 00:00:00', '1997-03-26 00:00:00', 3, 4.81000, 'Victuailles en stock', '2, rue du Commerce', 'Lyon', 'null', '69004', 'France'),
  (10479, 'RATTC', 3, '1997-03-19 00:00:00', '1997-04-16 00:00:00', '1997-03-21 00:00:00', 3, 708.95000, 'Rattlesnake Canyon Grocery', '2817 Milton Dr.', 'Albuquerque', 'NM', '87110', 'USA'),
  (10480, 'FOLIG', 6, '1997-03-20 00:00:00', '1997-04-17 00:00:00', '1997-03-24 00:00:00', 2, 1.35000, 'Folies gourmandes', '184, chaussée de Tournai', 'Lille', 'null', '59000', 'France'),
  (10481, 'RICAR', 8, '1997-03-20 00:00:00', '1997-04-17 00:00:00', '1997-03-25 00:00:00', 2, 64.33000, 'Ricardo Adocicados', 'Av. Copacabana, 267', 'Rio de Janeiro', 'RJ', '02389-890', 'Brazil'),
  (10482, 'LAZYK', 1, '1997-03-21 00:00:00', '1997-04-18 00:00:00', '1997-04-10 00:00:00', 3, 7.48000, 'Lazy K Kountry Store', '12 Orchestra Terrace', 'Walla Walla', 'WA', '99362', 'USA'),
  (10483, 'WHITC', 7, '1997-03-24 00:00:00', '1997-04-21 00:00:00', '1997-04-25 00:00:00', 2, 15.28000, 'White Clover Markets', '1029 - 12th Ave. S.', 'Seattle', 'WA', '98124', 'USA'),
  (10484, 'BSBEV', 3, '1997-03-24 00:00:00', '1997-04-21 00:00:00', '1997-04-01 00:00:00', 3, 6.88000, 'B\'s Beverages', 'Fauntleroy Circus', 'London', 'null', 'EC2 5NT', 'UK'),
  (10485, 'LINOD', 4, '1997-03-25 00:00:00', '1997-04-08 00:00:00', '1997-03-31 00:00:00', 2, 64.45000, 'LINO-Delicateses', 'Ave. 5 de Mayo Porlamar', 'I. de Margarita', 'Nueva Esparta', '4980', 'Venezuela'),
  (10486, 'HILAA', 1, '1997-03-26 00:00:00', '1997-04-23 00:00:00', '1997-04-02 00:00:00', 2, 30.53000, 'HILARION-Abastos', 'Carrera 22 con Ave. Carlos Soublette #8-35', 'San Cristóbal', 'Táchira', '5022', 'Venezuela'),
  (10487, 'QUEEN', 2, '1997-03-26 00:00:00', '1997-04-23 00:00:00', '1997-03-28 00:00:00', 2, 71.07000, 'Queen Cozinha', 'Alameda dos Canàrios, 891', 'Sao Paulo', 'SP', '05487-020', 'Brazil'),
  (10488, 'FRANK', 8, '1997-03-27 00:00:00', '1997-04-24 00:00:00', '1997-04-02 00:00:00', 2, 4.93000, 'Frankenversand', 'Berliner Platz 43', 'München', 'null', '80805', 'Germany'),
  (10489, 'PICCO', 6, '1997-03-28 00:00:00', '1997-04-25 00:00:00', '1997-04-09 00:00:00', 2, 5.29000, 'Piccolo und mehr', 'Geislweg 14', 'Salzburg', 'null', '5020', 'Austria'),
  (10490, 'HILAA', 7, '1997-03-31 00:00:00', '1997-04-28 00:00:00', '1997-04-03 00:00:00', 2, 210.19000, 'HILARION-Abastos', 'Carrera 22 con Ave. Carlos Soublette #8-35', 'San Cristóbal', 'Táchira', '5022', 'Venezuela'),
  (10491, 'FURIB', 8, '1997-03-31 00:00:00', '1997-04-28 00:00:00', '1997-04-08 00:00:00', 3, 16.96000, 'Furia Bacalhau e Frutos do Mar', 'Jardim das rosas n. 32', 'Lisboa', 'null', '1675', 'Portugal'),
  (10492, 'BOTTM', 3, '1997-04-01 00:00:00', '1997-04-29 00:00:00', '1997-04-11 00:00:00', 1, 62.89000, 'Bottom-Dollar Markets', '23 Tsawassen Blvd.', 'Tsawassen', 'BC', 'T2F 8M4', 'Canada'),
  (10493, 'LAMAI', 4, '1997-04-02 00:00:00', '1997-04-30 00:00:00', '1997-04-10 00:00:00', 3, 10.64000, 'La maison d\'Asie', '1 rue Alsace-Lorraine', 'Toulouse', 'null', '31000', 'France'),
  (10494, 'COMMI', 4, '1997-04-02 00:00:00', '1997-04-30 00:00:00', '1997-04-09 00:00:00', 2, 65.99000, 'Comércio Mineiro', 'Av. dos Lusíadas, 23', 'Sao Paulo', 'SP', '05432-043', 'Brazil'),
  (10495, 'LAUGB', 3, '1997-04-03 00:00:00', '1997-05-01 00:00:00', '1997-04-11 00:00:00', 3, 4.65000, 'Laughing Bacchus Wine Cellars', '2319 Elm St.', 'Vancouver', 'BC', 'V3F 2K1', 'Canada'),
  (10496, 'TRADH', 7, '1997-04-04 00:00:00', '1997-05-02 00:00:00', '1997-04-07 00:00:00', 2, 46.77000, 'Tradiçao Hipermercados', 'Av. Inês de Castro, 414', 'Sao Paulo', 'SP', '05634-030', 'Brazil'),
  (10497, 'LEHMS', 7, '1997-04-04 00:00:00', '1997-05-02 00:00:00', '1997-04-07 00:00:00', 1, 36.21000, 'Lehmanns Marktstand', 'Magazinweg 7', 'Frankfurt a.M.', 'null', '60528', 'Germany'),
  (10498, 'HILAA', 8, '1997-04-07 00:00:00', '1997-05-05 00:00:00', '1997-04-11 00:00:00', 2, 29.75000, 'HILARION-Abastos', 'Carrera 22 con Ave. Carlos Soublette #8-35', 'San Cristóbal', 'Táchira', '5022', 'Venezuela'),
  (10499, 'LILAS', 4, '1997-04-08 00:00:00', '1997-05-06 00:00:00', '1997-04-16 00:00:00', 2, 102.02000, 'LILA-Supermercado', 'Carrera 52 con Ave. Bolívar #65-98 Llano Largo', 'Barquisimeto', 'Lara', '3508', 'Venezuela'),
  (10500, 'LAMAI', 6, '1997-04-09 00:00:00', '1997-05-07 00:00:00', '1997-04-17 00:00:00', 1, 42.68000, 'La maison d\'Asie', '1 rue Alsace-Lorraine', 'Toulouse', 'null', '31000', 'France'),
  (10501, 'BLAUS', 9, '1997-04-09 00:00:00', '1997-05-07 00:00:00', '1997-04-16 00:00:00', 3, 8.85000, 'Blauer See Delikatessen', 'Forsterstr. 57', 'Mannheim', 'null', '68306', 'Germany'),
  (10502, 'PERIC', 2, '1997-04-10 00:00:00', '1997-05-08 00:00:00', '1997-04-29 00:00:00', 1, 69.32000, 'Pericles Comidas clásicas', 'Calle Dr. Jorge Cash 321', 'México D.F.', 'null', '05033', 'Mexico'),
  (10503, 'HUNGO', 6, '1997-04-11 00:00:00', '1997-05-09 00:00:00', '1997-04-16 00:00:00', 2, 16.74000, 'Hungry Owl All-Night Grocers', '8 Johnstown Road', 'Cork', 'Co. Cork', 'null', 'Ireland'),
  (10504, 'WHITC', 4, '1997-04-11 00:00:00', '1997-05-09 00:00:00', '1997-04-18 00:00:00', 3, 59.13000, 'White Clover Markets', '1029 - 12th Ave. S.', 'Seattle', 'WA', '98124', 'USA'),
  (10505, 'MEREP', 3, '1997-04-14 00:00:00', '1997-05-12 00:00:00', '1997-04-21 00:00:00', 3, 7.13000, 'Mère Paillarde', '43 rue St. Laurent', 'Montréal', 'Québec', 'H1J 1C3', 'Canada'),
  (10506, 'KOENE', 9, '1997-04-15 00:00:00', '1997-05-13 00:00:00', '1997-05-02 00:00:00', 2, 21.19000, 'Königlich Essen', 'Maubelstr. 90', 'Brandenburg', 'null', '14776', 'Germany'),
  (10507, 'ANTON', 7, '1997-04-15 00:00:00', '1997-05-13 00:00:00', '1997-04-22 00:00:00', 1, 47.45000, 'Antonio Moreno Taquería', 'Mataderos  2312', 'México D.F.', 'null', '05023', 'Mexico'),
  (10508, 'OTTIK', 1, '1997-04-16 00:00:00', '1997-05-14 00:00:00', '1997-05-13 00:00:00', 2, 4.99000, 'Ottilies Käseladen', 'Mehrheimerstr. 369', 'Köln', 'null', '50739', 'Germany'),
  (10509, 'BLAUS', 4, '1997-04-17 00:00:00', '1997-05-15 00:00:00', '1997-04-29 00:00:00', 1, 0.15000, 'Blauer See Delikatessen', 'Forsterstr. 57', 'Mannheim', 'null', '68306', 'Germany'),
  (10510, 'SAVEA', 6, '1997-04-18 00:00:00', '1997-05-16 00:00:00', '1997-04-28 00:00:00', 3, 367.63000, 'Save-a-lot Markets', '187 Suffolk Ln.', 'Boise', 'ID', '83720', 'USA'),
  (10511, 'BONAP', 4, '1997-04-18 00:00:00', '1997-05-16 00:00:00', '1997-04-21 00:00:00', 3, 350.64000, 'Bon app\'', '12, rue des Bouchers', 'Marseille', 'null', '13008', 'France'),
  (10512, 'FAMIA', 7, '1997-04-21 00:00:00', '1997-05-19 00:00:00', '1997-04-24 00:00:00', 2, 3.53000, 'Familia Arquibaldo', 'Rua Orós, 92', 'Sao Paulo', 'SP', '05442-030', 'Brazil'),
  (10513, 'WANDK', 7, '1997-04-22 00:00:00', '1997-06-03 00:00:00', '1997-04-28 00:00:00', 1, 105.65000, 'Die Wandernde Kuh', 'Adenauerallee 900', 'Stuttgart', 'null', '70563', 'Germany'),
  (10514, 'ERNSH', 3, '1997-04-22 00:00:00', '1997-05-20 00:00:00', '1997-05-16 00:00:00', 2, 789.95000, 'Ernst Handel', 'Kirchgasse 6', 'Graz', 'null', '8010', 'Austria'),
  (10515, 'QUICK', 2, '1997-04-23 00:00:00', '1997-05-07 00:00:00', '1997-05-23 00:00:00', 1, 204.47000, 'QUICK-Stop', 'Taucherstraße 10', 'Cunewalde', 'null', '01307', 'Germany'),
  (10516, 'HUNGO', 2, '1997-04-24 00:00:00', '1997-05-22 00:00:00', '1997-05-01 00:00:00', 3, 62.78000, 'Hungry Owl All-Night Grocers', '8 Johnstown Road', 'Cork', 'Co. Cork', 'null', 'Ireland'),
  (10517, 'NORTS', 3, '1997-04-24 00:00:00', '1997-05-22 00:00:00', '1997-04-29 00:00:00', 3, 32.07000, 'North/South', 'South House 300 Queensbridge', 'London', 'null', 'SW7 1RZ', 'UK'),
  (10518, 'TORTU', 4, '1997-04-25 00:00:00', '1997-05-09 00:00:00', '1997-05-05 00:00:00', 2, 218.15000, 'Tortuga Restaurante', 'Avda. Azteca 123', 'México D.F.', 'null', '05033', 'Mexico'),
  (10519, 'CHOPS', 6, '1997-04-28 00:00:00', '1997-05-26 00:00:00', '1997-05-01 00:00:00', 3, 91.76000, 'Chop-suey Chinese', 'Hauptstr. 31', 'Bern', 'null', '3012', 'Switzerland'),
  (10520, 'SANTG', 7, '1997-04-29 00:00:00', '1997-05-27 00:00:00', '1997-05-01 00:00:00', 1, 13.37000, 'Santé Gourmet', 'Erling Skakkes gate 78', 'Stavern', 'null', '4110', 'Norway'),
  (10521, 'CACTU', 8, '1997-04-29 00:00:00', '1997-05-27 00:00:00', '1997-05-02 00:00:00', 2, 17.22000, 'Cactus Comidas para llevar', 'Cerrito 333', 'Buenos Aires', 'null', '1010', 'Argentina'),
  (10522, 'LEHMS', 4, '1997-04-30 00:00:00', '1997-05-28 00:00:00', '1997-05-06 00:00:00', 1, 45.33000, 'Lehmanns Marktstand', 'Magazinweg 7', 'Frankfurt a.M.', 'null', '60528', 'Germany'),
  (10523, 'SEVES', 7, '1997-05-01 00:00:00', '1997-05-29 00:00:00', '1997-05-30 00:00:00', 2, 77.63000, 'Seven Seas Imports', '90 Wadhurst Rd.', 'London', 'null', 'OX15 4NB', 'UK'),
  (10524, 'BERGS', 1, '1997-05-01 00:00:00', '1997-05-29 00:00:00', '1997-05-07 00:00:00', 2, 244.79000, 'Berglunds snabbköp', 'Berguvsvägen  8', 'Luleå', 'null', 'S-958 22', 'Sweden'),
  (10525, 'BONAP', 1, '1997-05-02 00:00:00', '1997-05-30 00:00:00', '1997-05-23 00:00:00', 2, 11.06000, 'Bon app\'', '12, rue des Bouchers', 'Marseille', 'null', '13008', 'France'),
  (10526, 'WARTH', 4, '1997-05-05 00:00:00', '1997-06-02 00:00:00', '1997-05-15 00:00:00', 2, 58.59000, 'Wartian Herkku', 'Torikatu 38', 'Oulu', 'null', '90110', 'Finland'),
  (10527, 'QUICK', 7, '1997-05-05 00:00:00', '1997-06-02 00:00:00', '1997-05-07 00:00:00', 1, 41.90000, 'QUICK-Stop', 'Taucherstraße 10', 'Cunewalde', 'null', '01307', 'Germany'),
  (10528, 'GREAL', 6, '1997-05-06 00:00:00', '1997-05-20 00:00:00', '1997-05-09 00:00:00', 2, 3.35000, 'Great Lakes Food Market', '2732 Baker Blvd.', 'Eugene', 'OR', '97403', 'USA'),
  (10529, 'MAISD', 5, '1997-05-07 00:00:00', '1997-06-04 00:00:00', '1997-05-09 00:00:00', 2, 66.69000, 'Maison Dewey', 'Rue Joseph-Bens 532', 'Bruxelles', 'null', 'B-1180', 'Belgium'),
  (10530, 'PICCO', 3, '1997-05-08 00:00:00', '1997-06-05 00:00:00', '1997-05-12 00:00:00', 2, 339.22000, 'Piccolo und mehr', 'Geislweg 14', 'Salzburg', 'null', '5020', 'Austria'),
  (10531, 'OCEAN', 7, '1997-05-08 00:00:00', '1997-06-05 00:00:00', '1997-05-19 00:00:00', 1, 8.12000, 'Océano Atlántico Ltda.', 'Ing. Gustavo Moncada 8585 Piso 20-A', 'Buenos Aires', 'null', '1010', 'Argentina'),
  (10532, 'EASTC', 7, '1997-05-09 00:00:00', '1997-06-06 00:00:00', '1997-05-12 00:00:00', 3, 74.46000, 'Eastern Connection', '35 King George', 'London', 'null', 'WX3 6FW', 'UK'),
  (10533, 'FOLKO', 8, '1997-05-12 00:00:00', '1997-06-09 00:00:00', '1997-05-22 00:00:00', 1, 188.04000, 'Folk och fä HB', 'Åkergatan 24', 'Bräcke', 'null', 'S-844 67', 'Sweden'),
  (10534, 'LEHMS', 8, '1997-05-12 00:00:00', '1997-06-09 00:00:00', '1997-05-14 00:00:00', 2, 27.94000, 'Lehmanns Marktstand', 'Magazinweg 7', 'Frankfurt a.M.', 'null', '60528', 'Germany'),
  (10535, 'ANTON', 4, '1997-05-13 00:00:00', '1997-06-10 00:00:00', '1997-05-21 00:00:00', 1, 15.64000, 'Antonio Moreno Taquería', 'Mataderos  2312', 'México D.F.', 'null', '05023', 'Mexico'),
  (10536, 'LEHMS', 3, '1997-05-14 00:00:00', '1997-06-11 00:00:00', '1997-06-06 00:00:00', 2, 58.88000, 'Lehmanns Marktstand', 'Magazinweg 7', 'Frankfurt a.M.', 'null', '60528', 'Germany'),
  (10537, 'RICSU', 1, '1997-05-14 00:00:00', '1997-05-28 00:00:00', '1997-05-19 00:00:00', 1, 78.85000, 'Richter Supermarkt', 'Starenweg 5', 'Genève', 'null', '1204', 'Switzerland'),
  (10538, 'BSBEV', 9, '1997-05-15 00:00:00', '1997-06-12 00:00:00', '1997-05-16 00:00:00', 3, 4.87000, 'B\'s Beverages', 'Fauntleroy Circus', 'London', 'null', 'EC2 5NT', 'UK'),
  (10539, 'BSBEV', 6, '1997-05-16 00:00:00', '1997-06-13 00:00:00', '1997-05-23 00:00:00', 3, 12.36000, 'B\'s Beverages', 'Fauntleroy Circus', 'London', 'null', 'EC2 5NT', 'UK'),
  (10540, 'QUICK', 3, '1997-05-19 00:00:00', '1997-06-16 00:00:00', '1997-06-13 00:00:00', 3, 1007.64000, 'QUICK-Stop', 'Taucherstraße 10', 'Cunewalde', 'null', '01307', 'Germany'),
  (10541, 'HANAR', 2, '1997-05-19 00:00:00', '1997-06-16 00:00:00', '1997-05-29 00:00:00', 1, 68.65000, 'Hanari Carnes', 'Rua do Paço, 67', 'Rio de Janeiro', 'RJ', '05454-876', 'Brazil'),
  (10542, 'KOENE', 1, '1997-05-20 00:00:00', '1997-06-17 00:00:00', '1997-05-26 00:00:00', 3, 10.95000, 'Königlich Essen', 'Maubelstr. 90', 'Brandenburg', 'null', '14776', 'Germany'),
  (10543, 'LILAS', 8, '1997-05-21 00:00:00', '1997-06-18 00:00:00', '1997-05-23 00:00:00', 2, 48.17000, 'LILA-Supermercado', 'Carrera 52 con Ave. Bolívar #65-98 Llano Largo', 'Barquisimeto', 'Lara', '3508', 'Venezuela'),
  (10544, 'LONEP', 4, '1997-05-21 00:00:00', '1997-06-18 00:00:00', '1997-05-30 00:00:00', 1, 24.91000, 'Lonesome Pine Restaurant', '89 Chiaroscuro Rd.', 'Portland', 'OR', '97219', 'USA'),
  (10545, 'LAZYK', 8, '1997-05-22 00:00:00', '1997-06-19 00:00:00', '1997-06-26 00:00:00', 2, 11.92000, 'Lazy K Kountry Store', '12 Orchestra Terrace', 'Walla Walla', 'WA', '99362', 'USA'),
  (10546, 'VICTE', 1, '1997-05-23 00:00:00', '1997-06-20 00:00:00', '1997-05-27 00:00:00', 3, 194.72000, 'Victuailles en stock', '2, rue du Commerce', 'Lyon', 'null', '69004', 'France'),
  (10547, 'SEVES', 3, '1997-05-23 00:00:00', '1997-06-20 00:00:00', '1997-06-02 00:00:00', 2, 178.43000, 'Seven Seas Imports', '90 Wadhurst Rd.', 'London', 'null', 'OX15 4NB', 'UK'),
  (10548, 'TOMSP', 3, '1997-05-26 00:00:00', '1997-06-23 00:00:00', '1997-06-02 00:00:00', 2, 1.43000, 'Toms Spezialitäten', 'Luisenstr. 48', 'Münster', 'null', '44087', 'Germany'),
  (10549, 'QUICK', 5, '1997-05-27 00:00:00', '1997-06-10 00:00:00', '1997-05-30 00:00:00', 1, 171.24000, 'QUICK-Stop', 'Taucherstraße 10', 'Cunewalde', 'null', '01307', 'Germany'),
  (10550, 'GODOS', 7, '1997-05-28 00:00:00', '1997-06-25 00:00:00', '1997-06-06 00:00:00', 3, 4.32000, 'Godos Cocina Típica', 'C/ Romero, 33', 'Sevilla', 'null', '41101', 'Spain'),
  (10551, 'FURIB', 4, '1997-05-28 00:00:00', '1997-07-09 00:00:00', '1997-06-06 00:00:00', 3, 72.95000, 'Furia Bacalhau e Frutos do Mar', 'Jardim das rosas n. 32', 'Lisboa', 'null', '1675', 'Portugal'),
  (10552, 'HILAA', 2, '1997-05-29 00:00:00', '1997-06-26 00:00:00', '1997-06-05 00:00:00', 1, 83.22000, 'HILARION-Abastos', 'Carrera 22 con Ave. Carlos Soublette #8-35', 'San Cristóbal', 'Táchira', '5022', 'Venezuela'),
  (10553, 'WARTH', 2, '1997-05-30 00:00:00', '1997-06-27 00:00:00', '1997-06-03 00:00:00', 2, 149.49000, 'Wartian Herkku', 'Torikatu 38', 'Oulu', 'null', '90110', 'Finland'),
  (10554, 'OTTIK', 4, '1997-05-30 00:00:00', '1997-06-27 00:00:00', '1997-06-05 00:00:00', 3, 120.97000, 'Ottilies Käseladen', 'Mehrheimerstr. 369', 'Köln', 'null', '50739', 'Germany'),
  (10555, 'SAVEA', 6, '1997-06-02 00:00:00', '1997-06-30 00:00:00', '1997-06-04 00:00:00', 3, 252.49000, 'Save-a-lot Markets', '187 Suffolk Ln.', 'Boise', 'ID', '83720', 'USA'),
  (10556, 'SIMOB', 2, '1997-06-03 00:00:00', '1997-07-15 00:00:00', '1997-06-13 00:00:00', 1, 9.80000, 'Simons bistro', 'Vinbæltet 34', 'Kobenhavn', 'null', '1734', 'Denmark'),
  (10557, 'LEHMS', 9, '1997-06-03 00:00:00', '1997-06-17 00:00:00', '1997-06-06 00:00:00', 2, 96.72000, 'Lehmanns Marktstand', 'Magazinweg 7', 'Frankfurt a.M.', 'null', '60528', 'Germany'),
  (10558, 'AROUT', 1, '1997-06-04 00:00:00', '1997-07-02 00:00:00', '1997-06-10 00:00:00', 2, 72.97000, 'Around the Horn', 'Brook Farm Stratford St. Mary', 'Colchester', 'Essex', 'CO7 6JX', 'UK'),
  (10559, 'BLONP', 6, '1997-06-05 00:00:00', '1997-07-03 00:00:00', '1997-06-13 00:00:00', 1, 8.05000, 'Blondel père et fils', '24, place Kléber', 'Strasbourg', 'null', '67000', 'France'),
  (10560, 'FRANK', 8, '1997-06-06 00:00:00', '1997-07-04 00:00:00', '1997-06-09 00:00:00', 1, 36.65000, 'Frankenversand', 'Berliner Platz 43', 'München', 'null', '80805', 'Germany'),
  (10561, 'FOLKO', 2, '1997-06-06 00:00:00', '1997-07-04 00:00:00', '1997-06-09 00:00:00', 2, 242.21000, 'Folk och fä HB', 'Åkergatan 24', 'Bräcke', 'null', 'S-844 67', 'Sweden'),
  (10562, 'REGGC', 1, '1997-06-09 00:00:00', '1997-07-07 00:00:00', '1997-06-12 00:00:00', 1, 22.95000, 'Reggiani Caseifici', 'Strada Provinciale 124', 'Reggio Emilia', 'null', '42100', 'Italy'),
  (10563, 'RICAR', 2, '1997-06-10 00:00:00', '1997-07-22 00:00:00', '1997-06-24 00:00:00', 2, 60.43000, 'Ricardo Adocicados', 'Av. Copacabana, 267', 'Rio de Janeiro', 'RJ', '02389-890', 'Brazil'),
  (10564, 'RATTC', 4, '1997-06-10 00:00:00', '1997-07-08 00:00:00', '1997-06-16 00:00:00', 3, 13.75000, 'Rattlesnake Canyon Grocery', '2817 Milton Dr.', 'Albuquerque', 'NM', '87110', 'USA'),
  (10565, 'MEREP', 8, '1997-06-11 00:00:00', '1997-07-09 00:00:00', '1997-06-18 00:00:00', 2, 7.15000, 'Mère Paillarde', '43 rue St. Laurent', 'Montréal', 'Québec', 'H1J 1C3', 'Canada'),
  (10566, 'BLONP', 9, '1997-06-12 00:00:00', '1997-07-10 00:00:00', '1997-06-18 00:00:00', 1, 88.40000, 'Blondel père et fils', '24, place Kléber', 'Strasbourg', 'null', '67000', 'France'),
  (10567, 'HUNGO', 1, '1997-06-12 00:00:00', '1997-07-10 00:00:00', '1997-06-17 00:00:00', 1, 33.97000, 'Hungry Owl All-Night Grocers', '8 Johnstown Road', 'Cork', 'Co. Cork', 'null', 'Ireland'),
  (10568, 'GALED', 3, '1997-06-13 00:00:00', '1997-07-11 00:00:00', '1997-07-09 00:00:00', 3, 6.54000, 'Galería del gastronómo', 'Rambla de Cataluña, 23', 'Barcelona', 'null', '8022', 'Spain'),
  (10569, 'RATTC', 5, '1997-06-16 00:00:00', '1997-07-14 00:00:00', '1997-07-11 00:00:00', 1, 58.98000, 'Rattlesnake Canyon Grocery', '2817 Milton Dr.', 'Albuquerque', 'NM', '87110', 'USA'),
  (10570, 'MEREP', 3, '1997-06-17 00:00:00', '1997-07-15 00:00:00', '1997-06-19 00:00:00', 3, 188.99000, 'Mère Paillarde', '43 rue St. Laurent', 'Montréal', 'Québec', 'H1J 1C3', 'Canada'),
  (10571, 'ERNSH', 8, '1997-06-17 00:00:00', '1997-07-29 00:00:00', '1997-07-04 00:00:00', 3, 26.06000, 'Ernst Handel', 'Kirchgasse 6', 'Graz', 'null', '8010', 'Austria'),
  (10572, 'BERGS', 3, '1997-06-18 00:00:00', '1997-07-16 00:00:00', '1997-06-25 00:00:00', 2, 116.43000, 'Berglunds snabbköp', 'Berguvsvägen  8', 'Luleå', 'null', 'S-958 22', 'Sweden'),
  (10573, 'ANTON', 7, '1997-06-19 00:00:00', '1997-07-17 00:00:00', '1997-06-20 00:00:00', 3, 84.84000, 'Antonio Moreno Taquería', 'Mataderos  2312', 'México D.F.', 'null', '05023', 'Mexico'),
  (10574, 'TRAIH', 4, '1997-06-19 00:00:00', '1997-07-17 00:00:00', '1997-06-30 00:00:00', 2, 37.60000, 'Trail\'s Head Gourmet Provisioners', '722 DaVinci Blvd.', 'Kirkland', 'WA', '98034', 'USA'),
  (10575, 'MORGK', 5, '1997-06-20 00:00:00', '1997-07-04 00:00:00', '1997-06-30 00:00:00', 1, 127.34000, 'Morgenstern Gesundkost', 'Heerstr. 22', 'Leipzig', 'null', '04179', 'Germany'),
  (10576, 'TORTU', 3, '1997-06-23 00:00:00', '1997-07-07 00:00:00', '1997-06-30 00:00:00', 3, 18.56000, 'Tortuga Restaurante', 'Avda. Azteca 123', 'México D.F.', 'null', '05033', 'Mexico'),
  (10577, 'TRAIH', 9, '1997-06-23 00:00:00', '1997-08-04 00:00:00', '1997-06-30 00:00:00', 2, 25.41000, 'Trail\'s Head Gourmet Provisioners', '722 DaVinci Blvd.', 'Kirkland', 'WA', '98034', 'USA'),
  (10578, 'BSBEV', 4, '1997-06-24 00:00:00', '1997-07-22 00:00:00', '1997-07-25 00:00:00', 3, 29.60000, 'B\'s Beverages', 'Fauntleroy Circus', 'London', 'null', 'EC2 5NT', 'UK'),
  (10579, 'LETSS', 1, '1997-06-25 00:00:00', '1997-07-23 00:00:00', '1997-07-04 00:00:00', 2, 13.73000, 'Let\'s Stop N Shop', '87 Polk St. Suite 5', 'San Francisco', 'CA', '94117', 'USA'),
  (10580, 'OTTIK', 4, '1997-06-26 00:00:00', '1997-07-24 00:00:00', '1997-07-01 00:00:00', 3, 75.89000, 'Ottilies Käseladen', 'Mehrheimerstr. 369', 'Köln', 'null', '50739', 'Germany'),
  (10581, 'FAMIA', 3, '1997-06-26 00:00:00', '1997-07-24 00:00:00', '1997-07-02 00:00:00', 1, 3.01000, 'Familia Arquibaldo', 'Rua Orós, 92', 'Sao Paulo', 'SP', '05442-030', 'Brazil'),
  (10582, 'BLAUS', 3, '1997-06-27 00:00:00', '1997-07-25 00:00:00', '1997-07-14 00:00:00', 2, 27.71000, 'Blauer See Delikatessen', 'Forsterstr. 57', 'Mannheim', 'null', '68306', 'Germany'),
  (10583, 'WARTH', 2, '1997-06-30 00:00:00', '1997-07-28 00:00:00', '1997-07-04 00:00:00', 2, 7.28000, 'Wartian Herkku', 'Torikatu 38', 'Oulu', 'null', '90110', 'Finland'),
  (10584, 'BLONP', 4, '1997-06-30 00:00:00', '1997-07-28 00:00:00', '1997-07-04 00:00:00', 1, 59.14000, 'Blondel père et fils', '24, place Kléber', 'Strasbourg', 'null', '67000', 'France'),
  (10585, 'WELLI', 7, '1997-07-01 00:00:00', '1997-07-29 00:00:00', '1997-07-10 00:00:00', 1, 13.41000, 'Wellington Importadora', 'Rua do Mercado, 12', 'Resende', 'SP', '08737-363', 'Brazil'),
  (10586, 'REGGC', 9, '1997-07-02 00:00:00', '1997-07-30 00:00:00', '1997-07-09 00:00:00', 1, 0.48000, 'Reggiani Caseifici', 'Strada Provinciale 124', 'Reggio Emilia', 'null', '42100', 'Italy'),
  (10587, 'QUEDE', 1, '1997-07-02 00:00:00', '1997-07-30 00:00:00', '1997-07-09 00:00:00', 1, 62.52000, 'Que Delícia', 'Rua da Panificadora, 12', 'Rio de Janeiro', 'RJ', '02389-673', 'Brazil'),
  (10588, 'QUICK', 2, '1997-07-03 00:00:00', '1997-07-31 00:00:00', '1997-07-10 00:00:00', 3, 194.67000, 'QUICK-Stop', 'Taucherstraße 10', 'Cunewalde', 'null', '01307', 'Germany'),
  (10589, 'GREAL', 8, '1997-07-04 00:00:00', '1997-08-01 00:00:00', '1997-07-14 00:00:00', 2, 4.42000, 'Great Lakes Food Market', '2732 Baker Blvd.', 'Eugene', 'OR', '97403', 'USA'),
  (10590, 'MEREP', 4, '1997-07-07 00:00:00', '1997-08-04 00:00:00', '1997-07-14 00:00:00', 3, 44.77000, 'Mère Paillarde', '43 rue St. Laurent', 'Montréal', 'Québec', 'H1J 1C3', 'Canada'),
  (10591, 'VAFFE', 1, '1997-07-07 00:00:00', '1997-07-21 00:00:00', '1997-07-16 00:00:00', 1, 55.92000, 'Vaffeljernet', 'Smagsloget 45', 'Århus', 'null', '8200', 'Denmark'),
  (10592, 'LEHMS', 3, '1997-07-08 00:00:00', '1997-08-05 00:00:00', '1997-07-16 00:00:00', 1, 32.10000, 'Lehmanns Marktstand', 'Magazinweg 7', 'Frankfurt a.M.', 'null', '60528', 'Germany'),
  (10593, 'LEHMS', 7, '1997-07-09 00:00:00', '1997-08-06 00:00:00', '1997-08-13 00:00:00', 2, 174.20000, 'Lehmanns Marktstand', 'Magazinweg 7', 'Frankfurt a.M.', 'null', '60528', 'Germany'),
  (10594, 'OLDWO', 3, '1997-07-09 00:00:00', '1997-08-06 00:00:00', '1997-07-16 00:00:00', 2, 5.24000, 'Old World Delicatessen', '2743 Bering St.', 'Anchorage', 'AK', '99508', 'USA'),
  (10595, 'ERNSH', 2, '1997-07-10 00:00:00', '1997-08-07 00:00:00', '1997-07-14 00:00:00', 1, 96.78000, 'Ernst Handel', 'Kirchgasse 6', 'Graz', 'null', '8010', 'Austria'),
  (10596, 'WHITC', 8, '1997-07-11 00:00:00', '1997-08-08 00:00:00', '1997-08-12 00:00:00', 1, 16.34000, 'White Clover Markets', '1029 - 12th Ave. S.', 'Seattle', 'WA', '98124', 'USA'),
  (10597, 'PICCO', 7, '1997-07-11 00:00:00', '1997-08-08 00:00:00', '1997-07-18 00:00:00', 3, 35.12000, 'Piccolo und mehr', 'Geislweg 14', 'Salzburg', 'null', '5020', 'Austria'),
  (10598, 'RATTC', 1, '1997-07-14 00:00:00', '1997-08-11 00:00:00', '1997-07-18 00:00:00', 3, 44.42000, 'Rattlesnake Canyon Grocery', '2817 Milton Dr.', 'Albuquerque', 'NM', '87110', 'USA'),
  (10599, 'BSBEV', 6, '1997-07-15 00:00:00', '1997-08-26 00:00:00', '1997-07-21 00:00:00', 3, 29.98000, 'B\'s Beverages', 'Fauntleroy Circus', 'London', 'null', 'EC2 5NT', 'UK'),
  (10600, 'HUNGC', 4, '1997-07-16 00:00:00', '1997-08-13 00:00:00', '1997-07-21 00:00:00', 1, 45.13000, 'Hungry Coyote Import Store', 'City Center Plaza 516 Main St.', 'Elgin', 'OR', '97827', 'USA'),
  (10601, 'HILAA', 7, '1997-07-16 00:00:00', '1997-08-27 00:00:00', '1997-07-22 00:00:00', 1, 58.30000, 'HILARION-Abastos', 'Carrera 22 con Ave. Carlos Soublette #8-35', 'San Cristóbal', 'Táchira', '5022', 'Venezuela'),
  (10602, 'VAFFE', 8, '1997-07-17 00:00:00', '1997-08-14 00:00:00', '1997-07-22 00:00:00', 2, 2.92000, 'Vaffeljernet', 'Smagsloget 45', 'Århus', 'null', '8200', 'Denmark'),
  (10603, 'SAVEA', 8, '1997-07-18 00:00:00', '1997-08-15 00:00:00', '1997-08-08 00:00:00', 2, 48.77000, 'Save-a-lot Markets', '187 Suffolk Ln.', 'Boise', 'ID', '83720', 'USA'),
  (10604, 'FURIB', 1, '1997-07-18 00:00:00', '1997-08-15 00:00:00', '1997-07-29 00:00:00', 1, 7.46000, 'Furia Bacalhau e Frutos do Mar', 'Jardim das rosas n. 32', 'Lisboa', 'null', '1675', 'Portugal'),
  (10605, 'MEREP', 1, '1997-07-21 00:00:00', '1997-08-18 00:00:00', '1997-07-29 00:00:00', 2, 379.13000, 'Mère Paillarde', '43 rue St. Laurent', 'Montréal', 'Québec', 'H1J 1C3', 'Canada'),
  (10606, 'TRADH', 4, '1997-07-22 00:00:00', '1997-08-19 00:00:00', '1997-07-31 00:00:00', 3, 79.40000, 'Tradiçao Hipermercados', 'Av. Inês de Castro, 414', 'Sao Paulo', 'SP', '05634-030', 'Brazil'),
  (10607, 'SAVEA', 5, '1997-07-22 00:00:00', '1997-08-19 00:00:00', '1997-07-25 00:00:00', 1, 200.24000, 'Save-a-lot Markets', '187 Suffolk Ln.', 'Boise', 'ID', '83720', 'USA'),
  (10608, 'TOMSP', 4, '1997-07-23 00:00:00', '1997-08-20 00:00:00', '1997-08-01 00:00:00', 2, 27.79000, 'Toms Spezialitäten', 'Luisenstr. 48', 'Münster', 'null', '44087', 'Germany'),
  (10609, 'DUMON', 7, '1997-07-24 00:00:00', '1997-08-21 00:00:00', '1997-07-30 00:00:00', 2, 1.85000, 'Du monde entier', '67, rue des Cinquante Otages', 'Nantes', 'null', '44000', 'France'),
  (10610, 'LAMAI', 8, '1997-07-25 00:00:00', '1997-08-22 00:00:00', '1997-08-06 00:00:00', 1, 26.78000, 'La maison d\'Asie', '1 rue Alsace-Lorraine', 'Toulouse', 'null', '31000', 'France'),
  (10611, 'WOLZA', 6, '1997-07-25 00:00:00', '1997-08-22 00:00:00', '1997-08-01 00:00:00', 2, 80.65000, 'Wolski Zajazd', 'ul. Filtrowa 68', 'Warszawa', 'null', '01-012', 'Poland'),
  (10612, 'SAVEA', 1, '1997-07-28 00:00:00', '1997-08-25 00:00:00', '1997-08-01 00:00:00', 2, 544.08000, 'Save-a-lot Markets', '187 Suffolk Ln.', 'Boise', 'ID', '83720', 'USA'),
  (10613, 'HILAA', 4, '1997-07-29 00:00:00', '1997-08-26 00:00:00', '1997-08-01 00:00:00', 2, 8.11000, 'HILARION-Abastos', 'Carrera 22 con Ave. Carlos Soublette #8-35', 'San Cristóbal', 'Táchira', '5022', 'Venezuela'),
  (10614, 'BLAUS', 8, '1997-07-29 00:00:00', '1997-08-26 00:00:00', '1997-08-01 00:00:00', 3, 1.93000, 'Blauer See Delikatessen', 'Forsterstr. 57', 'Mannheim', 'null', '68306', 'Germany'),
  (10615, 'WILMK', 2, '1997-07-30 00:00:00', '1997-08-27 00:00:00', '1997-08-06 00:00:00', 3, 0.75000, 'Wilman Kala', 'Keskuskatu 45', 'Helsinki', 'null', '21240', 'Finland'),
  (10616, 'GREAL', 1, '1997-07-31 00:00:00', '1997-08-28 00:00:00', '1997-08-05 00:00:00', 2, 116.53000, 'Great Lakes Food Market', '2732 Baker Blvd.', 'Eugene', 'OR', '97403', 'USA'),
  (10617, 'GREAL', 4, '1997-07-31 00:00:00', '1997-08-28 00:00:00', '1997-08-04 00:00:00', 2, 18.53000, 'Great Lakes Food Market', '2732 Baker Blvd.', 'Eugene', 'OR', '97403', 'USA'),
  (10618, 'MEREP', 1, '1997-08-01 00:00:00', '1997-09-12 00:00:00', '1997-08-08 00:00:00', 1, 154.68000, 'Mère Paillarde', '43 rue St. Laurent', 'Montréal', 'Québec', 'H1J 1C3', 'Canada'),
  (10619, 'MEREP', 3, '1997-08-04 00:00:00', '1997-09-01 00:00:00', '1997-08-07 00:00:00', 3, 91.05000, 'Mère Paillarde', '43 rue St. Laurent', 'Montréal', 'Québec', 'H1J 1C3', 'Canada'),
  (10620, 'LAUGB', 2, '1997-08-05 00:00:00', '1997-09-02 00:00:00', '1997-08-14 00:00:00', 3, 0.94000, 'Laughing Bacchus Wine Cellars', '2319 Elm St.', 'Vancouver', 'BC', 'V3F 2K1', 'Canada'),
  (10621, 'ISLAT', 4, '1997-08-05 00:00:00', '1997-09-02 00:00:00', '1997-08-11 00:00:00', 2, 23.73000, 'Island Trading', 'Garden House Crowther Way', 'Cowes', 'Isle of Wight', 'PO31 7PJ', 'UK'),
  (10622, 'RICAR', 4, '1997-08-06 00:00:00', '1997-09-03 00:00:00', '1997-08-11 00:00:00', 3, 50.97000, 'Ricardo Adocicados', 'Av. Copacabana, 267', 'Rio de Janeiro', 'RJ', '02389-890', 'Brazil'),
  (10623, 'FRANK', 8, '1997-08-07 00:00:00', '1997-09-04 00:00:00', '1997-08-12 00:00:00', 2, 97.18000, 'Frankenversand', 'Berliner Platz 43', 'München', 'null', '80805', 'Germany'),
  (10624, 'THECR', 4, '1997-08-07 00:00:00', '1997-09-04 00:00:00', '1997-08-19 00:00:00', 2, 94.80000, 'The Cracker Box', '55 Grizzly Peak Rd.', 'Butte', 'MT', '59801', 'USA'),
  (10625, 'ANATR', 3, '1997-08-08 00:00:00', '1997-09-05 00:00:00', '1997-08-14 00:00:00', 1, 43.90000, 'Ana Trujillo Emparedados y helados', 'Avda. de la Constitución 2222', 'México D.F.', 'null', '05021', 'Mexico'),
  (10626, 'BERGS', 1, '1997-08-11 00:00:00', '1997-09-08 00:00:00', '1997-08-20 00:00:00', 2, 138.69000, 'Berglunds snabbköp', 'Berguvsvägen  8', 'Luleå', 'null', 'S-958 22', 'Sweden'),
  (10627, 'SAVEA', 8, '1997-08-11 00:00:00', '1997-09-22 00:00:00', '1997-08-21 00:00:00', 3, 107.46000, 'Save-a-lot Markets', '187 Suffolk Ln.', 'Boise', 'ID', '83720', 'USA'),
  (10628, 'BLONP', 4, '1997-08-12 00:00:00', '1997-09-09 00:00:00', '1997-08-20 00:00:00', 3, 30.36000, 'Blondel père et fils', '24, place Kléber', 'Strasbourg', 'null', '67000', 'France'),
  (10629, 'GODOS', 4, '1997-08-12 00:00:00', '1997-09-09 00:00:00', '1997-08-20 00:00:00', 3, 85.46000, 'Godos Cocina Típica', 'C/ Romero, 33', 'Sevilla', 'null', '41101', 'Spain'),
  (10630, 'KOENE', 1, '1997-08-13 00:00:00', '1997-09-10 00:00:00', '1997-08-19 00:00:00', 2, 32.35000, 'Königlich Essen', 'Maubelstr. 90', 'Brandenburg', 'null', '14776', 'Germany'),
  (10631, 'LAMAI', 8, '1997-08-14 00:00:00', '1997-09-11 00:00:00', '1997-08-15 00:00:00', 1, 0.87000, 'La maison d\'Asie', '1 rue Alsace-Lorraine', 'Toulouse', 'null', '31000', 'France'),
  (10632, 'WANDK', 8, '1997-08-14 00:00:00', '1997-09-11 00:00:00', '1997-08-19 00:00:00', 1, 41.38000, 'Die Wandernde Kuh', 'Adenauerallee 900', 'Stuttgart', 'null', '70563', 'Germany'),
  (10633, 'ERNSH', 7, '1997-08-15 00:00:00', '1997-09-12 00:00:00', '1997-08-18 00:00:00', 3, 477.90000, 'Ernst Handel', 'Kirchgasse 6', 'Graz', 'null', '8010', 'Austria'),
  (10634, 'FOLIG', 4, '1997-08-15 00:00:00', '1997-09-12 00:00:00', '1997-08-21 00:00:00', 3, 487.38000, 'Folies gourmandes', '184, chaussée de Tournai', 'Lille', 'null', '59000', 'France'),
  (10635, 'MAGAA', 8, '1997-08-18 00:00:00', '1997-09-15 00:00:00', '1997-08-21 00:00:00', 3, 47.46000, 'Magazzini Alimentari Riuniti', 'Via Ludovico il Moro 22', 'Bergamo', 'null', '24100', 'Italy'),
  (10636, 'WARTH', 4, '1997-08-19 00:00:00', '1997-09-16 00:00:00', '1997-08-26 00:00:00', 1, 1.15000, 'Wartian Herkku', 'Torikatu 38', 'Oulu', 'null', '90110', 'Finland'),
  (10637, 'QUEEN', 6, '1997-08-19 00:00:00', '1997-09-16 00:00:00', '1997-08-26 00:00:00', 1, 201.29000, 'Queen Cozinha', 'Alameda dos Canàrios, 891', 'Sao Paulo', 'SP', '05487-020', 'Brazil'),
  (10638, 'LINOD', 3, '1997-08-20 00:00:00', '1997-09-17 00:00:00', '1997-09-01 00:00:00', 1, 158.44000, 'LINO-Delicateses', 'Ave. 5 de Mayo Porlamar', 'I. de Margarita', 'Nueva Esparta', '4980', 'Venezuela'),
  (10639, 'SANTG', 7, '1997-08-20 00:00:00', '1997-09-17 00:00:00', '1997-08-27 00:00:00', 3, 38.64000, 'Santé Gourmet', 'Erling Skakkes gate 78', 'Stavern', 'null', '4110', 'Norway'),
  (10640, 'WANDK', 4, '1997-08-21 00:00:00', '1997-09-18 00:00:00', '1997-08-28 00:00:00', 1, 23.55000, 'Die Wandernde Kuh', 'Adenauerallee 900', 'Stuttgart', 'null', '70563', 'Germany'),
  (10641, 'HILAA', 4, '1997-08-22 00:00:00', '1997-09-19 00:00:00', '1997-08-26 00:00:00', 2, 179.61000, 'HILARION-Abastos', 'Carrera 22 con Ave. Carlos Soublette #8-35', 'San Cristóbal', 'Táchira', '5022', 'Venezuela'),
  (10642, 'SIMOB', 7, '1997-08-22 00:00:00', '1997-09-19 00:00:00', '1997-09-05 00:00:00', 3, 41.89000, 'Simons bistro', 'Vinbæltet 34', 'Kobenhavn', 'null', '1734', 'Denmark'),
  (10643, 'ALFKI', 6, '1997-08-25 00:00:00', '1997-09-22 00:00:00', '1997-09-02 00:00:00', 1, 29.46000, 'Alfreds Futterkiste', 'Obere Str. 57', 'Berlin', 'null', '12209', 'Germany'),
  (10644, 'WELLI', 3, '1997-08-25 00:00:00', '1997-09-22 00:00:00', '1997-09-01 00:00:00', 2, 0.14000, 'Wellington Importadora', 'Rua do Mercado, 12', 'Resende', 'SP', '08737-363', 'Brazil'),
  (10645, 'HANAR', 4, '1997-08-26 00:00:00', '1997-09-23 00:00:00', '1997-09-02 00:00:00', 1, 12.41000, 'Hanari Carnes', 'Rua do Paço, 67', 'Rio de Janeiro', 'RJ', '05454-876', 'Brazil'),
  (10646, 'HUNGO', 9, '1997-08-27 00:00:00', '1997-10-08 00:00:00', '1997-09-03 00:00:00', 3, 142.33000, 'Hungry Owl All-Night Grocers', '8 Johnstown Road', 'Cork', 'Co. Cork', 'null', 'Ireland'),
  (10647, 'QUEDE', 4, '1997-08-27 00:00:00', '1997-09-10 00:00:00', '1997-09-03 00:00:00', 2, 45.54000, 'Que Delícia', 'Rua da Panificadora, 12', 'Rio de Janeiro', 'RJ', '02389-673', 'Brazil'),
  (10648, 'RICAR', 5, '1997-08-28 00:00:00', '1997-10-09 00:00:00', '1997-09-09 00:00:00', 2, 14.25000, 'Ricardo Adocicados', 'Av. Copacabana, 267', 'Rio de Janeiro', 'RJ', '02389-890', 'Brazil'),
  (10649, 'MAISD', 5, '1997-08-28 00:00:00', '1997-09-25 00:00:00', '1997-08-29 00:00:00', 3, 6.20000, 'Maison Dewey', 'Rue Joseph-Bens 532', 'Bruxelles', 'null', 'B-1180', 'Belgium'),
  (10650, 'FAMIA', 5, '1997-08-29 00:00:00', '1997-09-26 00:00:00', '1997-09-03 00:00:00', 3, 176.81000, 'Familia Arquibaldo', 'Rua Orós, 92', 'Sao Paulo', 'SP', '05442-030', 'Brazil'),
  (10651, 'WANDK', 8, '1997-09-01 00:00:00', '1997-09-29 00:00:00', '1997-09-11 00:00:00', 2, 20.60000, 'Die Wandernde Kuh', 'Adenauerallee 900', 'Stuttgart', 'null', '70563', 'Germany'),
  (10652, 'GOURL', 4, '1997-09-01 00:00:00', '1997-09-29 00:00:00', '1997-09-08 00:00:00', 2, 7.14000, 'Gourmet Lanchonetes', 'Av. Brasil, 442', 'Campinas', 'SP', '04876-786', 'Brazil'),
  (10653, 'FRANK', 1, '1997-09-02 00:00:00', '1997-09-30 00:00:00', '1997-09-19 00:00:00', 1, 93.25000, 'Frankenversand', 'Berliner Platz 43', 'München', 'null', '80805', 'Germany'),
  (10654, 'BERGS', 5, '1997-09-02 00:00:00', '1997-09-30 00:00:00', '1997-09-11 00:00:00', 1, 55.26000, 'Berglunds snabbköp', 'Berguvsvägen  8', 'Luleå', 'null', 'S-958 22', 'Sweden'),
  (10655, 'REGGC', 1, '1997-09-03 00:00:00', '1997-10-01 00:00:00', '1997-09-11 00:00:00', 2, 4.41000, 'Reggiani Caseifici', 'Strada Provinciale 124', 'Reggio Emilia', 'null', '42100', 'Italy'),
  (10656, 'GREAL', 6, '1997-09-04 00:00:00', '1997-10-02 00:00:00', '1997-09-10 00:00:00', 1, 57.15000, 'Great Lakes Food Market', '2732 Baker Blvd.', 'Eugene', 'OR', '97403', 'USA'),
  (10657, 'SAVEA', 2, '1997-09-04 00:00:00', '1997-10-02 00:00:00', '1997-09-15 00:00:00', 2, 352.69000, 'Save-a-lot Markets', '187 Suffolk Ln.', 'Boise', 'ID', '83720', 'USA'),
  (10658, 'QUICK', 4, '1997-09-05 00:00:00', '1997-10-03 00:00:00', '1997-09-08 00:00:00', 1, 364.15000, 'QUICK-Stop', 'Taucherstraße 10', 'Cunewalde', 'null', '01307', 'Germany'),
  (10659, 'QUEEN', 7, '1997-09-05 00:00:00', '1997-10-03 00:00:00', '1997-09-10 00:00:00', 2, 105.81000, 'Queen Cozinha', 'Alameda dos Canàrios, 891', 'Sao Paulo', 'SP', '05487-020', 'Brazil'),
  (10660, 'HUNGC', 8, '1997-09-08 00:00:00', '1997-10-06 00:00:00', '1997-10-15 00:00:00', 1, 111.29000, 'Hungry Coyote Import Store', 'City Center Plaza 516 Main St.', 'Elgin', 'OR', '97827', 'USA'),
  (10661, 'HUNGO', 7, '1997-09-09 00:00:00', '1997-10-07 00:00:00', '1997-09-15 00:00:00', 3, 17.55000, 'Hungry Owl All-Night Grocers', '8 Johnstown Road', 'Cork', 'Co. Cork', 'null', 'Ireland'),
  (10662, 'LONEP', 3, '1997-09-09 00:00:00', '1997-10-07 00:00:00', '1997-09-18 00:00:00', 2, 1.28000, 'Lonesome Pine Restaurant', '89 Chiaroscuro Rd.', 'Portland', 'OR', '97219', 'USA'),
  (10663, 'BONAP', 2, '1997-09-10 00:00:00', '1997-09-24 00:00:00', '1997-10-03 00:00:00', 2, 113.15000, 'Bon app\'', '12, rue des Bouchers', 'Marseille', 'null', '13008', 'France'),
  (10664, 'FURIB', 1, '1997-09-10 00:00:00', '1997-10-08 00:00:00', '1997-09-19 00:00:00', 3, 1.27000, 'Furia Bacalhau e Frutos do Mar', 'Jardim das rosas n. 32', 'Lisboa', 'null', '1675', 'Portugal'),
  (10665, 'LONEP', 1, '1997-09-11 00:00:00', '1997-10-09 00:00:00', '1997-09-17 00:00:00', 2, 26.31000, 'Lonesome Pine Restaurant', '89 Chiaroscuro Rd.', 'Portland', 'OR', '97219', 'USA'),
  (10666, 'RICSU', 7, '1997-09-12 00:00:00', '1997-10-10 00:00:00', '1997-09-22 00:00:00', 2, 232.42000, 'Richter Supermarkt', 'Starenweg 5', 'Genève', 'null', '1204', 'Switzerland'),
  (10667, 'ERNSH', 7, '1997-09-12 00:00:00', '1997-10-10 00:00:00', '1997-09-19 00:00:00', 1, 78.09000, 'Ernst Handel', 'Kirchgasse 6', 'Graz', 'null', '8010', 'Austria'),
  (10668, 'WANDK', 1, '1997-09-15 00:00:00', '1997-10-13 00:00:00', '1997-09-23 00:00:00', 2, 47.22000, 'Die Wandernde Kuh', 'Adenauerallee 900', 'Stuttgart', 'null', '70563', 'Germany'),
  (10669, 'SIMOB', 2, '1997-09-15 00:00:00', '1997-10-13 00:00:00', '1997-09-22 00:00:00', 1, 24.39000, 'Simons bistro', 'Vinbæltet 34', 'Kobenhavn', 'null', '1734', 'Denmark'),
  (10670, 'FRANK', 4, '1997-09-16 00:00:00', '1997-10-14 00:00:00', '1997-09-18 00:00:00', 1, 203.48000, 'Frankenversand', 'Berliner Platz 43', 'München', 'null', '80805', 'Germany'),
  (10671, 'FRANR', 1, '1997-09-17 00:00:00', '1997-10-15 00:00:00', '1997-09-24 00:00:00', 1, 30.34000, 'France restauration', '54, rue Royale', 'Nantes', 'null', '44000', 'France'),
  (10672, 'BERGS', 9, '1997-09-17 00:00:00', '1997-10-01 00:00:00', '1997-09-26 00:00:00', 2, 95.75000, 'Berglunds snabbköp', 'Berguvsvägen  8', 'Luleå', 'null', 'S-958 22', 'Sweden'),
  (10673, 'WILMK', 2, '1997-09-18 00:00:00', '1997-10-16 00:00:00', '1997-09-19 00:00:00', 1, 22.76000, 'Wilman Kala', 'Keskuskatu 45', 'Helsinki', 'null', '21240', 'Finland'),
  (10674, 'ISLAT', 4, '1997-09-18 00:00:00', '1997-10-16 00:00:00', '1997-09-30 00:00:00', 2, 0.90000, 'Island Trading', 'Garden House Crowther Way', 'Cowes', 'Isle of Wight', 'PO31 7PJ', 'UK'),
  (10675, 'FRANK', 5, '1997-09-19 00:00:00', '1997-10-17 00:00:00', '1997-09-23 00:00:00', 2, 31.85000, 'Frankenversand', 'Berliner Platz 43', 'München', 'null', '80805', 'Germany'),
  (10676, 'TORTU', 2, '1997-09-22 00:00:00', '1997-10-20 00:00:00', '1997-09-29 00:00:00', 2, 2.01000, 'Tortuga Restaurante', 'Avda. Azteca 123', 'México D.F.', 'null', '05033', 'Mexico'),
  (10677, 'ANTON', 1, '1997-09-22 00:00:00', '1997-10-20 00:00:00', '1997-09-26 00:00:00', 3, 4.03000, 'Antonio Moreno Taquería', 'Mataderos  2312', 'México D.F.', 'null', '05023', 'Mexico'),
  (10678, 'SAVEA', 7, '1997-09-23 00:00:00', '1997-10-21 00:00:00', '1997-10-16 00:00:00', 3, 388.98000, 'Save-a-lot Markets', '187 Suffolk Ln.', 'Boise', 'ID', '83720', 'USA'),
  (10679, 'BLONP', 8, '1997-09-23 00:00:00', '1997-10-21 00:00:00', '1997-09-30 00:00:00', 3, 27.94000, 'Blondel père et fils', '24, place Kléber', 'Strasbourg', 'null', '67000', 'France'),
  (10680, 'OLDWO', 1, '1997-09-24 00:00:00', '1997-10-22 00:00:00', '1997-09-26 00:00:00', 1, 26.61000, 'Old World Delicatessen', '2743 Bering St.', 'Anchorage', 'AK', '99508', 'USA'),
  (10681, 'GREAL', 3, '1997-09-25 00:00:00', '1997-10-23 00:00:00', '1997-09-30 00:00:00', 3, 76.13000, 'Great Lakes Food Market', '2732 Baker Blvd.', 'Eugene', 'OR', '97403', 'USA'),
  (10682, 'ANTON', 3, '1997-09-25 00:00:00', '1997-10-23 00:00:00', '1997-10-01 00:00:00', 2, 36.13000, 'Antonio Moreno Taquería', 'Mataderos  2312', 'México D.F.', 'null', '05023', 'Mexico'),
  (10683, 'DUMON', 2, '1997-09-26 00:00:00', '1997-10-24 00:00:00', '1997-10-01 00:00:00', 1, 4.40000, 'Du monde entier', '67, rue des Cinquante Otages', 'Nantes', 'null', '44000', 'France'),
  (10684, 'OTTIK', 3, '1997-09-26 00:00:00', '1997-10-24 00:00:00', '1997-09-30 00:00:00', 1, 145.63000, 'Ottilies Käseladen', 'Mehrheimerstr. 369', 'Köln', 'null', '50739', 'Germany'),
  (10685, 'GOURL', 4, '1997-09-29 00:00:00', '1997-10-13 00:00:00', '1997-10-03 00:00:00', 2, 33.75000, 'Gourmet Lanchonetes', 'Av. Brasil, 442', 'Campinas', 'SP', '04876-786', 'Brazil'),
  (10686, 'PICCO', 2, '1997-09-30 00:00:00', '1997-10-28 00:00:00', '1997-10-08 00:00:00', 1, 96.50000, 'Piccolo und mehr', 'Geislweg 14', 'Salzburg', 'null', '5020', 'Austria'),
  (10687, 'HUNGO', 9, '1997-09-30 00:00:00', '1997-10-28 00:00:00', '1997-10-30 00:00:00', 2, 296.43000, 'Hungry Owl All-Night Grocers', '8 Johnstown Road', 'Cork', 'Co. Cork', 'null', 'Ireland'),
  (10688, 'VAFFE', 4, '1997-10-01 00:00:00', '1997-10-15 00:00:00', '1997-10-07 00:00:00', 2, 299.09000, 'Vaffeljernet', 'Smagsloget 45', 'Århus', 'null', '8200', 'Denmark'),
  (10689, 'BERGS', 1, '1997-10-01 00:00:00', '1997-10-29 00:00:00', '1997-10-07 00:00:00', 2, 13.42000, 'Berglunds snabbköp', 'Berguvsvägen  8', 'Luleå', 'null', 'S-958 22', 'Sweden'),
  (10690, 'HANAR', 1, '1997-10-02 00:00:00', '1997-10-30 00:00:00', '1997-10-03 00:00:00', 1, 15.80000, 'Hanari Carnes', 'Rua do Paço, 67', 'Rio de Janeiro', 'RJ', '05454-876', 'Brazil'),
  (10691, 'QUICK', 2, '1997-10-03 00:00:00', '1997-11-14 00:00:00', '1997-10-22 00:00:00', 2, 810.05000, 'QUICK-Stop', 'Taucherstraße 10', 'Cunewalde', 'null', '01307', 'Germany'),
  (10692, 'ALFKI', 4, '1997-10-03 00:00:00', '1997-10-31 00:00:00', '1997-10-13 00:00:00', 2, 61.02000, 'Alfred\'s Futterkiste', 'Obere Str. 57', 'Berlin', 'null', '12209', 'Germany'),
  (10693, 'WHITC', 3, '1997-10-06 00:00:00', '1997-10-20 00:00:00', '1997-10-10 00:00:00', 3, 139.34000, 'White Clover Markets', '1029 - 12th Ave. S.', 'Seattle', 'WA', '98124', 'USA'),
  (10694, 'QUICK', 8, '1997-10-06 00:00:00', '1997-11-03 00:00:00', '1997-10-09 00:00:00', 3, 398.36000, 'QUICK-Stop', 'Taucherstraße 10', 'Cunewalde', 'null', '01307', 'Germany'),
  (10695, 'WILMK', 7, '1997-10-07 00:00:00', '1997-11-18 00:00:00', '1997-10-14 00:00:00', 1, 16.72000, 'Wilman Kala', 'Keskuskatu 45', 'Helsinki', 'null', '21240', 'Finland'),
  (10696, 'WHITC', 8, '1997-10-08 00:00:00', '1997-11-19 00:00:00', '1997-10-14 00:00:00', 3, 102.55000, 'White Clover Markets', '1029 - 12th Ave. S.', 'Seattle', 'WA', '98124', 'USA'),
  (10697, 'LINOD', 3, '1997-10-08 00:00:00', '1997-11-05 00:00:00', '1997-10-14 00:00:00', 1, 45.52000, 'LINO-Delicateses', 'Ave. 5 de Mayo Porlamar', 'I. de Margarita', 'Nueva Esparta', '4980', 'Venezuela'),
  (10698, 'ERNSH', 4, '1997-10-09 00:00:00', '1997-11-06 00:00:00', '1997-10-17 00:00:00', 1, 272.47000, 'Ernst Handel', 'Kirchgasse 6', 'Graz', 'null', '8010', 'Austria'),
  (10699, 'MORGK', 3, '1997-10-09 00:00:00', '1997-11-06 00:00:00', '1997-10-13 00:00:00', 3, 0.58000, 'Morgenstern Gesundkost', 'Heerstr. 22', 'Leipzig', 'null', '04179', 'Germany'),
  (10700, 'SAVEA', 3, '1997-10-10 00:00:00', '1997-11-07 00:00:00', '1997-10-16 00:00:00', 1, 65.10000, 'Save-a-lot Markets', '187 Suffolk Ln.', 'Boise', 'ID', '83720', 'USA'),
  (10701, 'HUNGO', 6, '1997-10-13 00:00:00', '1997-10-27 00:00:00', '1997-10-15 00:00:00', 3, 220.31000, 'Hungry Owl All-Night Grocers', '8 Johnstown Road', 'Cork', 'Co. Cork', 'null', 'Ireland'),
  (10702, 'ALFKI', 4, '1997-10-13 00:00:00', '1997-11-24 00:00:00', '1997-10-21 00:00:00', 1, 23.94000, 'Alfred\'s Futterkiste', 'Obere Str. 57', 'Berlin', 'null', '12209', 'Germany'),
  (10703, 'FOLKO', 6, '1997-10-14 00:00:00', '1997-11-11 00:00:00', '1997-10-20 00:00:00', 2, 152.30000, 'Folk och fä HB', 'Åkergatan 24', 'Bräcke', 'null', 'S-844 67', 'Sweden'),
  (10704, 'QUEEN', 6, '1997-10-14 00:00:00', '1997-11-11 00:00:00', '1997-11-07 00:00:00', 1, 4.78000, 'Queen Cozinha', 'Alameda dos Canàrios, 891', 'Sao Paulo', 'SP', '05487-020', 'Brazil'),
  (10705, 'HILAA', 9, '1997-10-15 00:00:00', '1997-11-12 00:00:00', '1997-11-18 00:00:00', 2, 3.52000, 'HILARION-Abastos', 'Carrera 22 con Ave. Carlos Soublette #8-35', 'San Cristóbal', 'Táchira', '5022', 'Venezuela'),
  (10706, 'OLDWO', 8, '1997-10-16 00:00:00', '1997-11-13 00:00:00', '1997-10-21 00:00:00', 3, 135.63000, 'Old World Delicatessen', '2743 Bering St.', 'Anchorage', 'AK', '99508', 'USA'),
  (10707, 'AROUT', 4, '1997-10-16 00:00:00', '1997-10-30 00:00:00', '1997-10-23 00:00:00', 3, 21.74000, 'Around the Horn', 'Brook Farm Stratford St. Mary', 'Colchester', 'Essex', 'CO7 6JX', 'UK'),
  (10708, 'THEBI', 6, '1997-10-17 00:00:00', '1997-11-28 00:00:00', '1997-11-05 00:00:00', 2, 2.96000, 'The Big Cheese', '89 Jefferson Way Suite 2', 'Portland', 'OR', '97201', 'USA'),
  (10709, 'GOURL', 1, '1997-10-17 00:00:00', '1997-11-14 00:00:00', '1997-11-20 00:00:00', 3, 210.80000, 'Gourmet Lanchonetes', 'Av. Brasil, 442', 'Campinas', 'SP', '04876-786', 'Brazil'),
  (10710, 'FRANS', 1, '1997-10-20 00:00:00', '1997-11-17 00:00:00', '1997-10-23 00:00:00', 1, 4.98000, 'Franchi S.p.A.', 'Via Monte Bianco 34', 'Torino', 'null', '10100', 'Italy'),
  (10711, 'SAVEA', 5, '1997-10-21 00:00:00', '1997-12-02 00:00:00', '1997-10-29 00:00:00', 2, 52.41000, 'Save-a-lot Markets', '187 Suffolk Ln.', 'Boise', 'ID', '83720', 'USA'),
  (10712, 'HUNGO', 3, '1997-10-21 00:00:00', '1997-11-18 00:00:00', '1997-10-31 00:00:00', 1, 89.93000, 'Hungry Owl All-Night Grocers', '8 Johnstown Road', 'Cork', 'Co. Cork', 'null', 'Ireland'),
  (10713, 'SAVEA', 1, '1997-10-22 00:00:00', '1997-11-19 00:00:00', '1997-10-24 00:00:00', 1, 167.05000, 'Save-a-lot Markets', '187 Suffolk Ln.', 'Boise', 'ID', '83720', 'USA'),
  (10714, 'SAVEA', 5, '1997-10-22 00:00:00', '1997-11-19 00:00:00', '1997-10-27 00:00:00', 3, 24.49000, 'Save-a-lot Markets', '187 Suffolk Ln.', 'Boise', 'ID', '83720', 'USA'),
  (10715, 'BONAP', 3, '1997-10-23 00:00:00', '1997-11-06 00:00:00', '1997-10-29 00:00:00', 1, 63.20000, 'Bon app\'', '12, rue des Bouchers', 'Marseille', 'null', '13008', 'France'),
  (10716, 'RANCH', 4, '1997-10-24 00:00:00', '1997-11-21 00:00:00', '1997-10-27 00:00:00', 2, 22.57000, 'Rancho grande', 'Av. del Libertador 900', 'Buenos Aires', 'null', '1010', 'Argentina'),
  (10717, 'FRANK', 1, '1997-10-24 00:00:00', '1997-11-21 00:00:00', '1997-10-29 00:00:00', 2, 59.25000, 'Frankenversand', 'Berliner Platz 43', 'München', 'null', '80805', 'Germany'),
  (10718, 'KOENE', 1, '1997-10-27 00:00:00', '1997-11-24 00:00:00', '1997-10-29 00:00:00', 3, 170.88000, 'Königlich Essen', 'Maubelstr. 90', 'Brandenburg', 'null', '14776', 'Germany'),
  (10719, 'LETSS', 8, '1997-10-27 00:00:00', '1997-11-24 00:00:00', '1997-11-05 00:00:00', 2, 51.44000, 'Let\'s Stop N Shop', '87 Polk St. Suite 5', 'San Francisco', 'CA', '94117', 'USA'),
  (10720, 'QUEDE', 8, '1997-10-28 00:00:00', '1997-11-11 00:00:00', '1997-11-05 00:00:00', 2, 9.53000, 'Que Delícia', 'Rua da Panificadora, 12', 'Rio de Janeiro', 'RJ', '02389-673', 'Brazil'),
  (10721, 'QUICK', 5, '1997-10-29 00:00:00', '1997-11-26 00:00:00', '1997-10-31 00:00:00', 3, 48.92000, 'QUICK-Stop', 'Taucherstraße 10', 'Cunewalde', 'null', '01307', 'Germany'),
  (10722, 'SAVEA', 8, '1997-10-29 00:00:00', '1997-12-10 00:00:00', '1997-11-04 00:00:00', 1, 74.58000, 'Save-a-lot Markets', '187 Suffolk Ln.', 'Boise', 'ID', '83720', 'USA'),
  (10723, 'WHITC', 3, '1997-10-30 00:00:00', '1997-11-27 00:00:00', '1997-11-25 00:00:00', 1, 21.72000, 'White Clover Markets', '1029 - 12th Ave. S.', 'Seattle', 'WA', '98124', 'USA'),
  (10724, 'MEREP', 8, '1997-10-30 00:00:00', '1997-12-11 00:00:00', '1997-11-05 00:00:00', 2, 57.75000, 'Mère Paillarde', '43 rue St. Laurent', 'Montréal', 'Québec', 'H1J 1C3', 'Canada'),
  (10725, 'FAMIA', 4, '1997-10-31 00:00:00', '1997-11-28 00:00:00', '1997-11-05 00:00:00', 3, 10.83000, 'Familia Arquibaldo', 'Rua Orós, 92', 'Sao Paulo', 'SP', '05442-030', 'Brazil'),
  (10726, 'EASTC', 4, '1997-11-03 00:00:00', '1997-11-17 00:00:00', '1997-12-05 00:00:00', 1, 16.56000, 'Eastern Connection', '35 King George', 'London', 'null', 'WX3 6FW', 'UK'),
  (10727, 'REGGC', 2, '1997-11-03 00:00:00', '1997-12-01 00:00:00', '1997-12-05 00:00:00', 1, 89.90000, 'Reggiani Caseifici', 'Strada Provinciale 124', 'Reggio Emilia', 'null', '42100', 'Italy'),
  (10728, 'QUEEN', 4, '1997-11-04 00:00:00', '1997-12-02 00:00:00', '1997-11-11 00:00:00', 2, 58.33000, 'Queen Cozinha', 'Alameda dos Canàrios, 891', 'Sao Paulo', 'SP', '05487-020', 'Brazil'),
  (10729, 'LINOD', 8, '1997-11-04 00:00:00', '1997-12-16 00:00:00', '1997-11-14 00:00:00', 3, 141.06000, 'LINO-Delicateses', 'Ave. 5 de Mayo Porlamar', 'I. de Margarita', 'Nueva Esparta', '4980', 'Venezuela'),
  (10730, 'BONAP', 5, '1997-11-05 00:00:00', '1997-12-03 00:00:00', '1997-11-14 00:00:00', 1, 20.12000, 'Bon app\'', '12, rue des Bouchers', 'Marseille', 'null', '13008', 'France'),
  (10731, 'CHOPS', 7, '1997-11-06 00:00:00', '1997-12-04 00:00:00', '1997-11-14 00:00:00', 1, 96.65000, 'Chop-suey Chinese', 'Hauptstr. 31', 'Bern', 'null', '3012', 'Switzerland'),
  (10732, 'BONAP', 3, '1997-11-06 00:00:00', '1997-12-04 00:00:00', '1997-11-07 00:00:00', 1, 16.97000, 'Bon app\'', '12, rue des Bouchers', 'Marseille', 'null', '13008', 'France'),
  (10733, 'BERGS', 1, '1997-11-07 00:00:00', '1997-12-05 00:00:00', '1997-11-10 00:00:00', 3, 110.11000, 'Berglunds snabbköp', 'Berguvsvägen  8', 'Luleå', 'null', 'S-958 22', 'Sweden'),
  (10734, 'GOURL', 2, '1997-11-07 00:00:00', '1997-12-05 00:00:00', '1997-11-12 00:00:00', 3, 1.63000, 'Gourmet Lanchonetes', 'Av. Brasil, 442', 'Campinas', 'SP', '04876-786', 'Brazil'),
  (10735, 'LETSS', 6, '1997-11-10 00:00:00', '1997-12-08 00:00:00', '1997-11-21 00:00:00', 2, 45.97000, 'Let\'s Stop N Shop', '87 Polk St. Suite 5', 'San Francisco', 'CA', '94117', 'USA'),
  (10736, 'HUNGO', 9, '1997-11-11 00:00:00', '1997-12-09 00:00:00', '1997-11-21 00:00:00', 2, 44.10000, 'Hungry Owl All-Night Grocers', '8 Johnstown Road', 'Cork', 'Co. Cork', 'null', 'Ireland'),
  (10737, 'VINET', 2, '1997-11-11 00:00:00', '1997-12-09 00:00:00', '1997-11-18 00:00:00', 2, 7.79000, 'Vins et alcools Chevalier', '59 rue de l\'Abbaye', 'Reims', 'null', '51100', 'France'),
  (10738, 'SPECD', 2, '1997-11-12 00:00:00', '1997-12-10 00:00:00', '1997-11-18 00:00:00', 1, 2.91000, 'Spécialités du monde', '25, rue Lauriston', 'Paris', 'null', '75016', 'France'),
  (10739, 'VINET', 3, '1997-11-12 00:00:00', '1997-12-10 00:00:00', '1997-11-17 00:00:00', 3, 11.08000, 'Vins et alcools Chevalier', '59 rue de l\'Abbaye', 'Reims', 'null', '51100', 'France'),
  (10740, 'WHITC', 4, '1997-11-13 00:00:00', '1997-12-11 00:00:00', '1997-11-25 00:00:00', 2, 81.88000, 'White Clover Markets', '1029 - 12th Ave. S.', 'Seattle', 'WA', '98124', 'USA'),
  (10741, 'AROUT', 4, '1997-11-14 00:00:00', '1997-11-28 00:00:00', '1997-11-18 00:00:00', 3, 10.96000, 'Around the Horn', 'Brook Farm Stratford St. Mary', 'Colchester', 'Essex', 'CO7 6JX', 'UK'),
  (10742, 'BOTTM', 3, '1997-11-14 00:00:00', '1997-12-12 00:00:00', '1997-11-18 00:00:00', 3, 243.73000, 'Bottom-Dollar Markets', '23 Tsawassen Blvd.', 'Tsawassen', 'BC', 'T2F 8M4', 'Canada'),
  (10743, 'AROUT', 1, '1997-11-17 00:00:00', '1997-12-15 00:00:00', '1997-11-21 00:00:00', 2, 23.72000, 'Around the Horn', 'Brook Farm Stratford St. Mary', 'Colchester', 'Essex', 'CO7 6JX', 'UK'),
  (10744, 'VAFFE', 6, '1997-11-17 00:00:00', '1997-12-15 00:00:00', '1997-11-24 00:00:00', 1, 69.19000, 'Vaffeljernet', 'Smagsloget 45', 'Århus', 'null', '8200', 'Denmark'),
  (10745, 'QUICK', 9, '1997-11-18 00:00:00', '1997-12-16 00:00:00', '1997-11-27 00:00:00', 1, 3.52000, 'QUICK-Stop', 'Taucherstraße 10', 'Cunewalde', 'null', '01307', 'Germany'),
  (10746, 'CHOPS', 1, '1997-11-19 00:00:00', '1997-12-17 00:00:00', '1997-11-21 00:00:00', 3, 31.43000, 'Chop-suey Chinese', 'Hauptstr. 31', 'Bern', 'null', '3012', 'Switzerland'),
  (10747, 'PICCO', 6, '1997-11-19 00:00:00', '1997-12-17 00:00:00', '1997-11-26 00:00:00', 1, 117.33000, 'Piccolo und mehr', 'Geislweg 14', 'Salzburg', 'null', '5020', 'Austria'),
  (10748, 'SAVEA', 3, '1997-11-20 00:00:00', '1997-12-18 00:00:00', '1997-11-28 00:00:00', 1, 232.55000, 'Save-a-lot Markets', '187 Suffolk Ln.', 'Boise', 'ID', '83720', 'USA'),
  (10749, 'ISLAT', 4, '1997-11-20 00:00:00', '1997-12-18 00:00:00', '1997-12-19 00:00:00', 2, 61.53000, 'Island Trading', 'Garden House Crowther Way', 'Cowes', 'Isle of Wight', 'PO31 7PJ', 'UK'),
  (10750, 'WARTH', 9, '1997-11-21 00:00:00', '1997-12-19 00:00:00', '1997-11-24 00:00:00', 1, 79.30000, 'Wartian Herkku', 'Torikatu 38', 'Oulu', 'null', '90110', 'Finland'),
  (10751, 'RICSU', 3, '1997-11-24 00:00:00', '1997-12-22 00:00:00', '1997-12-03 00:00:00', 3, 130.79000, 'Richter Supermarkt', 'Starenweg 5', 'Genève', 'null', '1204', 'Switzerland'),
  (10752, 'NORTS', 2, '1997-11-24 00:00:00', '1997-12-22 00:00:00', '1997-11-28 00:00:00', 3, 1.39000, 'North/South', 'South House 300 Queensbridge', 'London', 'null', 'SW7 1RZ', 'UK'),
  (10753, 'FRANS', 3, '1997-11-25 00:00:00', '1997-12-23 00:00:00', '1997-11-27 00:00:00', 1, 7.70000, 'Franchi S.p.A.', 'Via Monte Bianco 34', 'Torino', 'null', '10100', 'Italy'),
  (10754, 'MAGAA', 6, '1997-11-25 00:00:00', '1997-12-23 00:00:00', '1997-11-27 00:00:00', 3, 2.38000, 'Magazzini Alimentari Riuniti', 'Via Ludovico il Moro 22', 'Bergamo', 'null', '24100', 'Italy'),
  (10755, 'BONAP', 4, '1997-11-26 00:00:00', '1997-12-24 00:00:00', '1997-11-28 00:00:00', 2, 16.71000, 'Bon app\'', '12, rue des Bouchers', 'Marseille', 'null', '13008', 'France'),
  (10756, 'SPLIR', 8, '1997-11-27 00:00:00', '1997-12-25 00:00:00', '1997-12-02 00:00:00', 2, 73.21000, 'Split Rail Beer & Ale', 'P.O. Box 555', 'Lander', 'WY', '82520', 'USA'),
  (10757, 'SAVEA', 6, '1997-11-27 00:00:00', '1997-12-25 00:00:00', '1997-12-15 00:00:00', 1, 8.19000, 'Save-a-lot Markets', '187 Suffolk Ln.', 'Boise', 'ID', '83720', 'USA'),
  (10758, 'RICSU', 3, '1997-11-28 00:00:00', '1997-12-26 00:00:00', '1997-12-04 00:00:00', 3, 138.17000, 'Richter Supermarkt', 'Starenweg 5', 'Genève', 'null', '1204', 'Switzerland'),
  (10759, 'ANATR', 3, '1997-11-28 00:00:00', '1997-12-26 00:00:00', '1997-12-12 00:00:00', 3, 11.99000, 'Ana Trujillo Emparedados y helados', 'Avda. de la Constitución 2222', 'México D.F.', 'null', '05021', 'Mexico'),
  (10760, 'MAISD', 4, '1997-12-01 00:00:00', '1997-12-29 00:00:00', '1997-12-10 00:00:00', 1, 155.64000, 'Maison Dewey', 'Rue Joseph-Bens 532', 'Bruxelles', 'null', 'B-1180', 'Belgium'),
  (10761, 'RATTC', 5, '1997-12-02 00:00:00', '1997-12-30 00:00:00', '1997-12-08 00:00:00', 2, 18.66000, 'Rattlesnake Canyon Grocery', '2817 Milton Dr.', 'Albuquerque', 'NM', '87110', 'USA'),
  (10762, 'FOLKO', 3, '1997-12-02 00:00:00', '1997-12-30 00:00:00', '1997-12-09 00:00:00', 1, 328.74000, 'Folk och fä HB', 'Åkergatan 24', 'Bräcke', 'null', 'S-844 67', 'Sweden'),
  (10763, 'FOLIG', 3, '1997-12-03 00:00:00', '1997-12-31 00:00:00', '1997-12-08 00:00:00', 3, 37.35000, 'Folies gourmandes', '184, chaussée de Tournai', 'Lille', 'null', '59000', 'France'),
  (10764, 'ERNSH', 6, '1997-12-03 00:00:00', '1997-12-31 00:00:00', '1997-12-08 00:00:00', 3, 145.45000, 'Ernst Handel', 'Kirchgasse 6', 'Graz', 'null', '8010', 'Austria'),
  (10765, 'QUICK', 3, '1997-12-04 00:00:00', '1998-01-01 00:00:00', '1997-12-09 00:00:00', 3, 42.74000, 'QUICK-Stop', 'Taucherstraße 10', 'Cunewalde', 'null', '01307', 'Germany'),
  (10766, 'OTTIK', 4, '1997-12-05 00:00:00', '1998-01-02 00:00:00', '1997-12-09 00:00:00', 1, 157.55000, 'Ottilies Käseladen', 'Mehrheimerstr. 369', 'Köln', 'null', '50739', 'Germany'),
  (10767, 'SUPRD', 4, '1997-12-05 00:00:00', '1998-01-02 00:00:00', '1997-12-15 00:00:00', 3, 1.59000, 'Suprêmes délices', 'Boulevard Tirou, 255', 'Charleroi', 'null', 'B-6000', 'Belgium'),
  (10768, 'AROUT', 3, '1997-12-08 00:00:00', '1998-01-05 00:00:00', '1997-12-15 00:00:00', 2, 146.32000, 'Around the Horn', 'Brook Farm Stratford St. Mary', 'Colchester', 'Essex', 'CO7 6JX', 'UK'),
  (10769, 'VAFFE', 3, '1997-12-08 00:00:00', '1998-01-05 00:00:00', '1997-12-12 00:00:00', 1, 65.06000, 'Vaffeljernet', 'Smagsloget 45', 'Århus', 'null', '8200', 'Denmark'),
  (10770, 'HANAR', 8, '1997-12-09 00:00:00', '1998-01-06 00:00:00', '1997-12-17 00:00:00', 3, 5.32000, 'Hanari Carnes', 'Rua do Paço, 67', 'Rio de Janeiro', 'RJ', '05454-876', 'Brazil'),
  (10771, 'ERNSH', 9, '1997-12-10 00:00:00', '1998-01-07 00:00:00', '1998-01-02 00:00:00', 2, 11.19000, 'Ernst Handel', 'Kirchgasse 6', 'Graz', 'null', '8010', 'Austria'),
  (10772, 'LEHMS', 3, '1997-12-10 00:00:00', '1998-01-07 00:00:00', '1997-12-19 00:00:00', 2, 91.28000, 'Lehmanns Marktstand', 'Magazinweg 7', 'Frankfurt a.M.', 'null', '60528', 'Germany'),
  (10773, 'ERNSH', 1, '1997-12-11 00:00:00', '1998-01-08 00:00:00', '1997-12-16 00:00:00', 3, 96.43000, 'Ernst Handel', 'Kirchgasse 6', 'Graz', 'null', '8010', 'Austria'),
  (10774, 'FOLKO', 4, '1997-12-11 00:00:00', '1997-12-25 00:00:00', '1997-12-12 00:00:00', 1, 48.20000, 'Folk och fä HB', 'Åkergatan 24', 'Bräcke', 'null', 'S-844 67', 'Sweden'),
  (10775, 'THECR', 7, '1997-12-12 00:00:00', '1998-01-09 00:00:00', '1997-12-26 00:00:00', 1, 20.25000, 'The Cracker Box', '55 Grizzly Peak Rd.', 'Butte', 'MT', '59801', 'USA'),
  (10776, 'ERNSH', 1, '1997-12-15 00:00:00', '1998-01-12 00:00:00', '1997-12-18 00:00:00', 3, 351.53000, 'Ernst Handel', 'Kirchgasse 6', 'Graz', 'null', '8010', 'Austria'),
  (10777, 'GOURL', 7, '1997-12-15 00:00:00', '1997-12-29 00:00:00', '1998-01-21 00:00:00', 2, 3.01000, 'Gourmet Lanchonetes', 'Av. Brasil, 442', 'Campinas', 'SP', '04876-786', 'Brazil'),
  (10778, 'BERGS', 3, '1997-12-16 00:00:00', '1998-01-13 00:00:00', '1997-12-24 00:00:00', 1, 6.79000, 'Berglunds snabbköp', 'Berguvsvägen  8', 'Luleå', 'null', 'S-958 22', 'Sweden'),
  (10779, 'MORGK', 3, '1997-12-16 00:00:00', '1998-01-13 00:00:00', '1998-01-14 00:00:00', 2, 58.13000, 'Morgenstern Gesundkost', 'Heerstr. 22', 'Leipzig', 'null', '04179', 'Germany'),
  (10780, 'LILAS', 2, '1997-12-16 00:00:00', '1997-12-30 00:00:00', '1997-12-25 00:00:00', 1, 42.13000, 'LILA-Supermercado', 'Carrera 52 con Ave. Bolívar #65-98 Llano Largo', 'Barquisimeto', 'Lara', '3508', 'Venezuela'),
  (10781, 'WARTH', 2, '1997-12-17 00:00:00', '1998-01-14 00:00:00', '1997-12-19 00:00:00', 3, 73.16000, 'Wartian Herkku', 'Torikatu 38', 'Oulu', 'null', '90110', 'Finland'),
  (10782, 'CACTU', 9, '1997-12-17 00:00:00', '1998-01-14 00:00:00', '1997-12-22 00:00:00', 3, 1.10000, 'Cactus Comidas para llevar', 'Cerrito 333', 'Buenos Aires', 'null', '1010', 'Argentina'),
  (10783, 'HANAR', 4, '1997-12-18 00:00:00', '1998-01-15 00:00:00', '1997-12-19 00:00:00', 2, 124.98000, 'Hanari Carnes', 'Rua do Paço, 67', 'Rio de Janeiro', 'RJ', '05454-876', 'Brazil'),
  (10784, 'MAGAA', 4, '1997-12-18 00:00:00', '1998-01-15 00:00:00', '1997-12-22 00:00:00', 3, 70.09000, 'Magazzini Alimentari Riuniti', 'Via Ludovico il Moro 22', 'Bergamo', 'null', '24100', 'Italy'),
  (10785, 'GROSR', 1, '1997-12-18 00:00:00', '1998-01-15 00:00:00', '1997-12-24 00:00:00', 3, 1.51000, 'GROSELLA-Restaurante', '5ª Ave. Los Palos Grandes', 'Caracas', 'DF', '1081', 'Venezuela'),
  (10786, 'QUEEN', 8, '1997-12-19 00:00:00', '1998-01-16 00:00:00', '1997-12-23 00:00:00', 1, 110.87000, 'Queen Cozinha', 'Alameda dos Canàrios, 891', 'Sao Paulo', 'SP', '05487-020', 'Brazil'),
  (10787, 'LAMAI', 2, '1997-12-19 00:00:00', '1998-01-02 00:00:00', '1997-12-26 00:00:00', 1, 249.93000, 'La maison d\'Asie', '1 rue Alsace-Lorraine', 'Toulouse', 'null', '31000', 'France'),
  (10788, 'QUICK', 1, '1997-12-22 00:00:00', '1998-01-19 00:00:00', '1998-01-19 00:00:00', 2, 42.70000, 'QUICK-Stop', 'Taucherstraße 10', 'Cunewalde', 'null', '01307', 'Germany'),
  (10789, 'FOLIG', 1, '1997-12-22 00:00:00', '1998-01-19 00:00:00', '1997-12-31 00:00:00', 2, 100.60000, 'Folies gourmandes', '184, chaussée de Tournai', 'Lille', 'null', '59000', 'France'),
  (10790, 'GOURL', 6, '1997-12-22 00:00:00', '1998-01-19 00:00:00', '1997-12-26 00:00:00', 1, 28.23000, 'Gourmet Lanchonetes', 'Av. Brasil, 442', 'Campinas', 'SP', '04876-786', 'Brazil'),
  (10791, 'FRANK', 6, '1997-12-23 00:00:00', '1998-01-20 00:00:00', '1998-01-01 00:00:00', 2, 16.85000, 'Frankenversand', 'Berliner Platz 43', 'München', 'null', '80805', 'Germany'),
  (10792, 'WOLZA', 1, '1997-12-23 00:00:00', '1998-01-20 00:00:00', '1997-12-31 00:00:00', 3, 23.79000, 'Wolski Zajazd', 'ul. Filtrowa 68', 'Warszawa', 'null', '01-012', 'Poland'),
  (10793, 'AROUT', 3, '1997-12-24 00:00:00', '1998-01-21 00:00:00', '1998-01-08 00:00:00', 3, 4.52000, 'Around the Horn', 'Brook Farm Stratford St. Mary', 'Colchester', 'Essex', 'CO7 6JX', 'UK'),
  (10794, 'QUEDE', 6, '1997-12-24 00:00:00', '1998-01-21 00:00:00', '1998-01-02 00:00:00', 1, 21.49000, 'Que Delícia', 'Rua da Panificadora, 12', 'Rio de Janeiro', 'RJ', '02389-673', 'Brazil'),
  (10795, 'ERNSH', 8, '1997-12-24 00:00:00', '1998-01-21 00:00:00', '1998-01-20 00:00:00', 2, 126.66000, 'Ernst Handel', 'Kirchgasse 6', 'Graz', 'null', '8010', 'Austria'),
  (10796, 'HILAA', 3, '1997-12-25 00:00:00', '1998-01-22 00:00:00', '1998-01-14 00:00:00', 1, 26.52000, 'HILARION-Abastos', 'Carrera 22 con Ave. Carlos Soublette #8-35', 'San Cristóbal', 'Táchira', '5022', 'Venezuela'),
  (10797, 'DRACD', 7, '1997-12-25 00:00:00', '1998-01-22 00:00:00', '1998-01-05 00:00:00', 2, 33.35000, 'Drachenblut Delikatessen', 'Walserweg 21', 'Aachen', 'null', '52066', 'Germany'),
  (10798, 'ISLAT', 2, '1997-12-26 00:00:00', '1998-01-23 00:00:00', '1998-01-05 00:00:00', 1, 2.33000, 'Island Trading', 'Garden House Crowther Way', 'Cowes', 'Isle of Wight', 'PO31 7PJ', 'UK'),
  (10799, 'KOENE', 9, '1997-12-26 00:00:00', '1998-02-06 00:00:00', '1998-01-05 00:00:00', 3, 30.76000, 'Königlich Essen', 'Maubelstr. 90', 'Brandenburg', 'null', '14776', 'Germany'),
  (10800, 'SEVES', 1, '1997-12-26 00:00:00', '1998-01-23 00:00:00', '1998-01-05 00:00:00', 3, 137.44000, 'Seven Seas Imports', '90 Wadhurst Rd.', 'London', 'null', 'OX15 4NB', 'UK'),
  (10801, 'BOLID', 4, '1997-12-29 00:00:00', '1998-01-26 00:00:00', '1997-12-31 00:00:00', 2, 97.09000, 'Bólido Comidas preparadas', 'C/ Araquil, 67', 'Madrid', 'null', '28023', 'Spain'),
  (10802, 'SIMOB', 4, '1997-12-29 00:00:00', '1998-01-26 00:00:00', '1998-01-02 00:00:00', 2, 257.26000, 'Simons bistro', 'Vinbæltet 34', 'Kobenhavn', 'null', '1734', 'Denmark'),
  (10803, 'WELLI', 4, '1997-12-30 00:00:00', '1998-01-27 00:00:00', '1998-01-06 00:00:00', 1, 55.23000, 'Wellington Importadora', 'Rua do Mercado, 12', 'Resende', 'SP', '08737-363', 'Brazil'),
  (10804, 'SEVES', 6, '1997-12-30 00:00:00', '1998-01-27 00:00:00', '1998-01-07 00:00:00', 2, 27.33000, 'Seven Seas Imports', '90 Wadhurst Rd.', 'London', 'null', 'OX15 4NB', 'UK'),
  (10805, 'THEBI', 2, '1997-12-30 00:00:00', '1998-01-27 00:00:00', '1998-01-09 00:00:00', 3, 237.34000, 'The Big Cheese', '89 Jefferson Way Suite 2', 'Portland', 'OR', '97201', 'USA'),
  (10806, 'VICTE', 3, '1997-12-31 00:00:00', '1998-01-28 00:00:00', '1998-01-05 00:00:00', 2, 22.11000, 'Victuailles en stock', '2, rue du Commerce', 'Lyon', 'null', '69004', 'France'),
  (10807, 'FRANS', 4, '1997-12-31 00:00:00', '1998-01-28 00:00:00', '1998-01-30 00:00:00', 1, 1.36000, 'Franchi S.p.A.', 'Via Monte Bianco 34', 'Torino', 'null', '10100', 'Italy'),
  (10808, 'OLDWO', 2, '1998-01-01 00:00:00', '1998-01-29 00:00:00', '1998-01-09 00:00:00', 3, 45.53000, 'Old World Delicatessen', '2743 Bering St.', 'Anchorage', 'AK', '99508', 'USA'),
  (10809, 'WELLI', 7, '1998-01-01 00:00:00', '1998-01-29 00:00:00', '1998-01-07 00:00:00', 1, 4.87000, 'Wellington Importadora', 'Rua do Mercado, 12', 'Resende', 'SP', '08737-363', 'Brazil'),
  (10810, 'LAUGB', 2, '1998-01-01 00:00:00', '1998-01-29 00:00:00', '1998-01-07 00:00:00', 3, 4.33000, 'Laughing Bacchus Wine Cellars', '2319 Elm St.', 'Vancouver', 'BC', 'V3F 2K1', 'Canada'),
  (10811, 'LINOD', 8, '1998-01-02 00:00:00', '1998-01-30 00:00:00', '1998-01-08 00:00:00', 1, 31.22000, 'LINO-Delicateses', 'Ave. 5 de Mayo Porlamar', 'I. de Margarita', 'Nueva Esparta', '4980', 'Venezuela'),
  (10812, 'REGGC', 5, '1998-01-02 00:00:00', '1998-01-30 00:00:00', '1998-01-12 00:00:00', 1, 59.78000, 'Reggiani Caseifici', 'Strada Provinciale 124', 'Reggio Emilia', 'null', '42100', 'Italy'),
  (10813, 'RICAR', 1, '1998-01-05 00:00:00', '1998-02-02 00:00:00', '1998-01-09 00:00:00', 1, 47.38000, 'Ricardo Adocicados', 'Av. Copacabana, 267', 'Rio de Janeiro', 'RJ', '02389-890', 'Brazil'),
  (10814, 'VICTE', 3, '1998-01-05 00:00:00', '1998-02-02 00:00:00', '1998-01-14 00:00:00', 3, 130.94000, 'Victuailles en stock', '2, rue du Commerce', 'Lyon', 'null', '69004', 'France'),
  (10815, 'SAVEA', 2, '1998-01-05 00:00:00', '1998-02-02 00:00:00', '1998-01-14 00:00:00', 3, 14.62000, 'Save-a-lot Markets', '187 Suffolk Ln.', 'Boise', 'ID', '83720', 'USA'),
  (10816, 'GREAL', 4, '1998-01-06 00:00:00', '1998-02-03 00:00:00', '1998-02-04 00:00:00', 2, 719.78000, 'Great Lakes Food Market', '2732 Baker Blvd.', 'Eugene', 'OR', '97403', 'USA'),
  (10817, 'KOENE', 3, '1998-01-06 00:00:00', '1998-01-20 00:00:00', '1998-01-13 00:00:00', 2, 306.07000, 'Königlich Essen', 'Maubelstr. 90', 'Brandenburg', 'null', '14776', 'Germany'),
  (10818, 'MAGAA', 7, '1998-01-07 00:00:00', '1998-02-04 00:00:00', '1998-01-12 00:00:00', 3, 65.48000, 'Magazzini Alimentari Riuniti', 'Via Ludovico il Moro 22', 'Bergamo', 'null', '24100', 'Italy'),
  (10819, 'CACTU', 2, '1998-01-07 00:00:00', '1998-02-04 00:00:00', '1998-01-16 00:00:00', 3, 19.76000, 'Cactus Comidas para llevar', 'Cerrito 333', 'Buenos Aires', 'null', '1010', 'Argentina'),
  (10820, 'RATTC', 3, '1998-01-07 00:00:00', '1998-02-04 00:00:00', '1998-01-13 00:00:00', 2, 37.52000, 'Rattlesnake Canyon Grocery', '2817 Milton Dr.', 'Albuquerque', 'NM', '87110', 'USA'),
  (10821, 'SPLIR', 1, '1998-01-08 00:00:00', '1998-02-05 00:00:00', '1998-01-15 00:00:00', 1, 36.68000, 'Split Rail Beer & Ale', 'P.O. Box 555', 'Lander', 'WY', '82520', 'USA'),
  (10822, 'TRAIH', 6, '1998-01-08 00:00:00', '1998-02-05 00:00:00', '1998-01-16 00:00:00', 3, 7.00000, 'Trail\'s Head Gourmet Provisioners', '722 DaVinci Blvd.', 'Kirkland', 'WA', '98034', 'USA'),
  (10823, 'LILAS', 5, '1998-01-09 00:00:00', '1998-02-06 00:00:00', '1998-01-13 00:00:00', 2, 163.97000, 'LILA-Supermercado', 'Carrera 52 con Ave. Bolívar #65-98 Llano Largo', 'Barquisimeto', 'Lara', '3508', 'Venezuela'),
  (10824, 'FOLKO', 8, '1998-01-09 00:00:00', '1998-02-06 00:00:00', '1998-01-30 00:00:00', 1, 1.23000, 'Folk och fä HB', 'Åkergatan 24', 'Bräcke', 'null', 'S-844 67', 'Sweden'),
  (10825, 'DRACD', 1, '1998-01-09 00:00:00', '1998-02-06 00:00:00', '1998-01-14 00:00:00', 1, 79.25000, 'Drachenblut Delikatessen', 'Walserweg 21', 'Aachen', 'null', '52066', 'Germany'),
  (10826, 'BLONP', 6, '1998-01-12 00:00:00', '1998-02-09 00:00:00', '1998-02-06 00:00:00', 1, 7.09000, 'Blondel père et fils', '24, place Kléber', 'Strasbourg', 'null', '67000', 'France'),
  (10827, 'BONAP', 1, '1998-01-12 00:00:00', '1998-01-26 00:00:00', '1998-02-06 00:00:00', 2, 63.54000, 'Bon app\'', '12, rue des Bouchers', 'Marseille', 'null', '13008', 'France'),
  (10828, 'RANCH', 9, '1998-01-13 00:00:00', '1998-01-27 00:00:00', '1998-02-04 00:00:00', 1, 90.85000, 'Rancho grande', 'Av. del Libertador 900', 'Buenos Aires', 'null', '1010', 'Argentina'),
  (10829, 'ISLAT', 9, '1998-01-13 00:00:00', '1998-02-10 00:00:00', '1998-01-23 00:00:00', 1, 154.72000, 'Island Trading', 'Garden House Crowther Way', 'Cowes', 'Isle of Wight', 'PO31 7PJ', 'UK'),
  (10830, 'TRADH', 4, '1998-01-13 00:00:00', '1998-02-24 00:00:00', '1998-01-21 00:00:00', 2, 81.83000, 'Tradiçao Hipermercados', 'Av. Inês de Castro, 414', 'Sao Paulo', 'SP', '05634-030', 'Brazil'),
  (10831, 'SANTG', 3, '1998-01-14 00:00:00', '1998-02-11 00:00:00', '1998-01-23 00:00:00', 2, 72.19000, 'Santé Gourmet', 'Erling Skakkes gate 78', 'Stavern', 'null', '4110', 'Norway'),
  (10832, 'LAMAI', 2, '1998-01-14 00:00:00', '1998-02-11 00:00:00', '1998-01-19 00:00:00', 2, 43.26000, 'La maison d\'Asie', '1 rue Alsace-Lorraine', 'Toulouse', 'null', '31000', 'France'),
  (10833, 'OTTIK', 6, '1998-01-15 00:00:00', '1998-02-12 00:00:00', '1998-01-23 00:00:00', 2, 71.49000, 'Ottilies Käseladen', 'Mehrheimerstr. 369', 'Köln', 'null', '50739', 'Germany'),
  (10834, 'TRADH', 1, '1998-01-15 00:00:00', '1998-02-12 00:00:00', '1998-01-19 00:00:00', 3, 29.78000, 'Tradiçao Hipermercados', 'Av. Inês de Castro, 414', 'Sao Paulo', 'SP', '05634-030', 'Brazil'),
  (10835, 'ALFKI', 1, '1998-01-15 00:00:00', '1998-02-12 00:00:00', '1998-01-21 00:00:00', 3, 69.53000, 'Alfred\'s Futterkiste', 'Obere Str. 57', 'Berlin', 'null', '12209', 'Germany'),
  (10836, 'ERNSH', 7, '1998-01-16 00:00:00', '1998-02-13 00:00:00', '1998-01-21 00:00:00', 1, 411.88000, 'Ernst Handel', 'Kirchgasse 6', 'Graz', 'null', '8010', 'Austria'),
  (10837, 'BERGS', 9, '1998-01-16 00:00:00', '1998-02-13 00:00:00', '1998-01-23 00:00:00', 3, 13.32000, 'Berglunds snabbköp', 'Berguvsvägen  8', 'Luleå', 'null', 'S-958 22', 'Sweden'),
  (10838, 'LINOD', 3, '1998-01-19 00:00:00', '1998-02-16 00:00:00', '1998-01-23 00:00:00', 3, 59.28000, 'LINO-Delicateses', 'Ave. 5 de Mayo Porlamar', 'I. de Margarita', 'Nueva Esparta', '4980', 'Venezuela'),
  (10839, 'TRADH', 3, '1998-01-19 00:00:00', '1998-02-16 00:00:00', '1998-01-22 00:00:00', 3, 35.43000, 'Tradiçao Hipermercados', 'Av. Inês de Castro, 414', 'Sao Paulo', 'SP', '05634-030', 'Brazil'),
  (10840, 'LINOD', 4, '1998-01-19 00:00:00', '1998-03-02 00:00:00', '1998-02-16 00:00:00', 2, 2.71000, 'LINO-Delicateses', 'Ave. 5 de Mayo Porlamar', 'I. de Margarita', 'Nueva Esparta', '4980', 'Venezuela'),
  (10841, 'SUPRD', 5, '1998-01-20 00:00:00', '1998-02-17 00:00:00', '1998-01-29 00:00:00', 2, 424.30000, 'Suprêmes délices', 'Boulevard Tirou, 255', 'Charleroi', 'null', 'B-6000', 'Belgium'),
  (10842, 'TORTU', 1, '1998-01-20 00:00:00', '1998-02-17 00:00:00', '1998-01-29 00:00:00', 3, 54.42000, 'Tortuga Restaurante', 'Avda. Azteca 123', 'México D.F.', 'null', '05033', 'Mexico'),
  (10843, 'VICTE', 4, '1998-01-21 00:00:00', '1998-02-18 00:00:00', '1998-01-26 00:00:00', 2, 9.26000, 'Victuailles en stock', '2, rue du Commerce', 'Lyon', 'null', '69004', 'France'),
  (10844, 'PICCO', 8, '1998-01-21 00:00:00', '1998-02-18 00:00:00', '1998-01-26 00:00:00', 2, 25.22000, 'Piccolo und mehr', 'Geislweg 14', 'Salzburg', 'null', '5020', 'Austria'),
  (10845, 'QUICK', 8, '1998-01-21 00:00:00', '1998-02-04 00:00:00', '1998-01-30 00:00:00', 1, 212.98000, 'QUICK-Stop', 'Taucherstraße 10', 'Cunewalde', 'null', '01307', 'Germany'),
  (10846, 'SUPRD', 2, '1998-01-22 00:00:00', '1998-03-05 00:00:00', '1998-01-23 00:00:00', 3, 56.46000, 'Suprêmes délices', 'Boulevard Tirou, 255', 'Charleroi', 'null', 'B-6000', 'Belgium'),
  (10847, 'SAVEA', 4, '1998-01-22 00:00:00', '1998-02-05 00:00:00', '1998-02-10 00:00:00', 3, 487.57000, 'Save-a-lot Markets', '187 Suffolk Ln.', 'Boise', 'ID', '83720', 'USA'),
  (10848, 'CONSH', 7, '1998-01-23 00:00:00', '1998-02-20 00:00:00', '1998-01-29 00:00:00', 2, 38.24000, 'Consolidated Holdings', 'Berkeley Gardens 12  Brewery', 'London', 'null', 'WX1 6LT', 'UK'),
  (10849, 'KOENE', 9, '1998-01-23 00:00:00', '1998-02-20 00:00:00', '1998-01-30 00:00:00', 2, 0.56000, 'Königlich Essen', 'Maubelstr. 90', 'Brandenburg', 'null', '14776', 'Germany'),
  (10850, 'VICTE', 1, '1998-01-23 00:00:00', '1998-03-06 00:00:00', '1998-01-30 00:00:00', 1, 49.19000, 'Victuailles en stock', '2, rue du Commerce', 'Lyon', 'null', '69004', 'France'),
  (10851, 'RICAR', 5, '1998-01-26 00:00:00', '1998-02-23 00:00:00', '1998-02-02 00:00:00', 1, 160.55000, 'Ricardo Adocicados', 'Av. Copacabana, 267', 'Rio de Janeiro', 'RJ', '02389-890', 'Brazil'),
  (10852, 'RATTC', 8, '1998-01-26 00:00:00', '1998-02-09 00:00:00', '1998-01-30 00:00:00', 1, 174.05000, 'Rattlesnake Canyon Grocery', '2817 Milton Dr.', 'Albuquerque', 'NM', '87110', 'USA'),
  (10853, 'BLAUS', 9, '1998-01-27 00:00:00', '1998-02-24 00:00:00', '1998-02-03 00:00:00', 2, 53.83000, 'Blauer See Delikatessen', 'Forsterstr. 57', 'Mannheim', 'null', '68306', 'Germany'),
  (10854, 'ERNSH', 3, '1998-01-27 00:00:00', '1998-02-24 00:00:00', '1998-02-05 00:00:00', 2, 100.22000, 'Ernst Handel', 'Kirchgasse 6', 'Graz', 'null', '8010', 'Austria'),
  (10855, 'OLDWO', 3, '1998-01-27 00:00:00', '1998-02-24 00:00:00', '1998-02-04 00:00:00', 1, 170.97000, 'Old World Delicatessen', '2743 Bering St.', 'Anchorage', 'AK', '99508', 'USA'),
  (10856, 'ANTON', 3, '1998-01-28 00:00:00', '1998-02-25 00:00:00', '1998-02-10 00:00:00', 2, 58.43000, 'Antonio Moreno Taquería', 'Mataderos  2312', 'México D.F.', 'null', '05023', 'Mexico'),
  (10857, 'BERGS', 8, '1998-01-28 00:00:00', '1998-02-25 00:00:00', '1998-02-06 00:00:00', 2, 188.85000, 'Berglunds snabbköp', 'Berguvsvägen  8', 'Luleå', 'null', 'S-958 22', 'Sweden'),
  (10858, 'LACOR', 2, '1998-01-29 00:00:00', '1998-02-26 00:00:00', '1998-02-03 00:00:00', 1, 52.51000, 'La corne d\'abondance', '67, avenue de l\'Europe', 'Versailles', 'null', '78000', 'France'),
  (10859, 'FRANK', 1, '1998-01-29 00:00:00', '1998-02-26 00:00:00', '1998-02-02 00:00:00', 2, 76.10000, 'Frankenversand', 'Berliner Platz 43', 'München', 'null', '80805', 'Germany'),
  (10860, 'FRANR', 3, '1998-01-29 00:00:00', '1998-02-26 00:00:00', '1998-02-04 00:00:00', 3, 19.26000, 'France restauration', '54, rue Royale', 'Nantes', 'null', '44000', 'France'),
  (10861, 'WHITC', 4, '1998-01-30 00:00:00', '1998-02-27 00:00:00', '1998-02-17 00:00:00', 2, 14.93000, 'White Clover Markets', '1029 - 12th Ave. S.', 'Seattle', 'WA', '98124', 'USA'),
  (10862, 'LEHMS', 8, '1998-01-30 00:00:00', '1998-03-13 00:00:00', '1998-02-02 00:00:00', 2, 53.23000, 'Lehmanns Marktstand', 'Magazinweg 7', 'Frankfurt a.M.', 'null', '60528', 'Germany'),
  (10863, 'HILAA', 4, '1998-02-02 00:00:00', '1998-03-02 00:00:00', '1998-02-17 00:00:00', 2, 30.26000, 'HILARION-Abastos', 'Carrera 22 con Ave. Carlos Soublette #8-35', 'San Cristóbal', 'Táchira', '5022', 'Venezuela'),
  (10864, 'AROUT', 4, '1998-02-02 00:00:00', '1998-03-02 00:00:00', '1998-02-09 00:00:00', 2, 3.04000, 'Around the Horn', 'Brook Farm Stratford St. Mary', 'Colchester', 'Essex', 'CO7 6JX', 'UK'),
  (10865, 'QUICK', 2, '1998-02-02 00:00:00', '1998-02-16 00:00:00', '1998-02-12 00:00:00', 1, 348.14000, 'QUICK-Stop', 'Taucherstraße 10', 'Cunewalde', 'null', '01307', 'Germany'),
  (10866, 'BERGS', 5, '1998-02-03 00:00:00', '1998-03-03 00:00:00', '1998-02-12 00:00:00', 1, 109.11000, 'Berglunds snabbköp', 'Berguvsvägen  8', 'Luleå', 'null', 'S-958 22', 'Sweden'),
  (10867, 'LONEP', 6, '1998-02-03 00:00:00', '1998-03-17 00:00:00', '1998-02-11 00:00:00', 1, 1.93000, 'Lonesome Pine Restaurant', '89 Chiaroscuro Rd.', 'Portland', 'OR', '97219', 'USA'),
  (10868, 'QUEEN', 7, '1998-02-04 00:00:00', '1998-03-04 00:00:00', '1998-02-23 00:00:00', 2, 191.27000, 'Queen Cozinha', 'Alameda dos Canàrios, 891', 'Sao Paulo', 'SP', '05487-020', 'Brazil'),
  (10869, 'SEVES', 5, '1998-02-04 00:00:00', '1998-03-04 00:00:00', '1998-02-09 00:00:00', 1, 143.28000, 'Seven Seas Imports', '90 Wadhurst Rd.', 'London', 'null', 'OX15 4NB', 'UK'),
  (10870, 'WOLZA', 5, '1998-02-04 00:00:00', '1998-03-04 00:00:00', '1998-02-13 00:00:00', 3, 12.04000, 'Wolski Zajazd', 'ul. Filtrowa 68', 'Warszawa', 'null', '01-012', 'Poland'),
  (10871, 'BONAP', 9, '1998-02-05 00:00:00', '1998-03-05 00:00:00', '1998-02-10 00:00:00', 2, 112.27000, 'Bon app\'', '12, rue des Bouchers', 'Marseille', 'null', '13008', 'France'),
  (10872, 'GODOS', 5, '1998-02-05 00:00:00', '1998-03-05 00:00:00', '1998-02-09 00:00:00', 2, 175.32000, 'Godos Cocina Típica', 'C/ Romero, 33', 'Sevilla', 'null', '41101', 'Spain'),
  (10873, 'WILMK', 4, '1998-02-06 00:00:00', '1998-03-06 00:00:00', '1998-02-09 00:00:00', 1, 0.82000, 'Wilman Kala', 'Keskuskatu 45', 'Helsinki', 'null', '21240', 'Finland'),
  (10874, 'GODOS', 5, '1998-02-06 00:00:00', '1998-03-06 00:00:00', '1998-02-11 00:00:00', 2, 19.58000, 'Godos Cocina Típica', 'C/ Romero, 33', 'Sevilla', 'null', '41101', 'Spain'),
  (10875, 'BERGS', 4, '1998-02-06 00:00:00', '1998-03-06 00:00:00', '1998-03-03 00:00:00', 2, 32.37000, 'Berglunds snabbköp', 'Berguvsvägen  8', 'Luleå', 'null', 'S-958 22', 'Sweden'),
  (10876, 'BONAP', 7, '1998-02-09 00:00:00', '1998-03-09 00:00:00', '1998-02-12 00:00:00', 3, 60.42000, 'Bon app\'', '12, rue des Bouchers', 'Marseille', 'null', '13008', 'France'),
  (10877, 'RICAR', 1, '1998-02-09 00:00:00', '1998-03-09 00:00:00', '1998-02-19 00:00:00', 1, 38.06000, 'Ricardo Adocicados', 'Av. Copacabana, 267', 'Rio de Janeiro', 'RJ', '02389-890', 'Brazil'),
  (10878, 'QUICK', 4, '1998-02-10 00:00:00', '1998-03-10 00:00:00', '1998-02-12 00:00:00', 1, 46.69000, 'QUICK-Stop', 'Taucherstraße 10', 'Cunewalde', 'null', '01307', 'Germany'),
  (10879, 'WILMK', 3, '1998-02-10 00:00:00', '1998-03-10 00:00:00', '1998-02-12 00:00:00', 3, 8.50000, 'Wilman Kala', 'Keskuskatu 45', 'Helsinki', 'null', '21240', 'Finland'),
  (10880, 'FOLKO', 7, '1998-02-10 00:00:00', '1998-03-24 00:00:00', '1998-02-18 00:00:00', 1, 88.01000, 'Folk och fä HB', 'Åkergatan 24', 'Bräcke', 'null', 'S-844 67', 'Sweden'),
  (10881, 'CACTU', 4, '1998-02-11 00:00:00', '1998-03-11 00:00:00', '1998-02-18 00:00:00', 1, 2.84000, 'Cactus Comidas para llevar', 'Cerrito 333', 'Buenos Aires', 'null', '1010', 'Argentina'),
  (10882, 'SAVEA', 4, '1998-02-11 00:00:00', '1998-03-11 00:00:00', '1998-02-20 00:00:00', 3, 23.10000, 'Save-a-lot Markets', '187 Suffolk Ln.', 'Boise', 'ID', '83720', 'USA'),
  (10883, 'LONEP', 8, '1998-02-12 00:00:00', '1998-03-12 00:00:00', '1998-02-20 00:00:00', 3, 0.53000, 'Lonesome Pine Restaurant', '89 Chiaroscuro Rd.', 'Portland', 'OR', '97219', 'USA'),
  (10884, 'LETSS', 4, '1998-02-12 00:00:00', '1998-03-12 00:00:00', '1998-02-13 00:00:00', 2, 90.97000, 'Let\'s Stop N Shop', '87 Polk St. Suite 5', 'San Francisco', 'CA', '94117', 'USA'),
  (10885, 'SUPRD', 6, '1998-02-12 00:00:00', '1998-03-12 00:00:00', '1998-02-18 00:00:00', 3, 5.64000, 'Suprêmes délices', 'Boulevard Tirou, 255', 'Charleroi', 'null', 'B-6000', 'Belgium'),
  (10886, 'HANAR', 1, '1998-02-13 00:00:00', '1998-03-13 00:00:00', '1998-03-02 00:00:00', 1, 4.99000, 'Hanari Carnes', 'Rua do Paço, 67', 'Rio de Janeiro', 'RJ', '05454-876', 'Brazil'),
  (10887, 'GALED', 8, '1998-02-13 00:00:00', '1998-03-13 00:00:00', '1998-02-16 00:00:00', 3, 1.25000, 'Galería del gastronómo', 'Rambla de Cataluña, 23', 'Barcelona', 'null', '8022', 'Spain'),
  (10888, 'GODOS', 1, '1998-02-16 00:00:00', '1998-03-16 00:00:00', '1998-02-23 00:00:00', 2, 51.87000, 'Godos Cocina Típica', 'C/ Romero, 33', 'Sevilla', 'null', '41101', 'Spain'),
  (10889, 'RATTC', 9, '1998-02-16 00:00:00', '1998-03-16 00:00:00', '1998-02-23 00:00:00', 3, 280.61000, 'Rattlesnake Canyon Grocery', '2817 Milton Dr.', 'Albuquerque', 'NM', '87110', 'USA'),
  (10890, 'DUMON', 7, '1998-02-16 00:00:00', '1998-03-16 00:00:00', '1998-02-18 00:00:00', 1, 32.76000, 'Du monde entier', '67, rue des Cinquante Otages', 'Nantes', 'null', '44000', 'France'),
  (10891, 'LEHMS', 7, '1998-02-17 00:00:00', '1998-03-17 00:00:00', '1998-02-19 00:00:00', 2, 20.37000, 'Lehmanns Marktstand', 'Magazinweg 7', 'Frankfurt a.M.', 'null', '60528', 'Germany'),
  (10892, 'MAISD', 4, '1998-02-17 00:00:00', '1998-03-17 00:00:00', '1998-02-19 00:00:00', 2, 120.27000, 'Maison Dewey', 'Rue Joseph-Bens 532', 'Bruxelles', 'null', 'B-1180', 'Belgium'),
  (10893, 'KOENE', 9, '1998-02-18 00:00:00', '1998-03-18 00:00:00', '1998-02-20 00:00:00', 2, 77.78000, 'Königlich Essen', 'Maubelstr. 90', 'Brandenburg', 'null', '14776', 'Germany'),
  (10894, 'SAVEA', 1, '1998-02-18 00:00:00', '1998-03-18 00:00:00', '1998-02-20 00:00:00', 1, 116.13000, 'Save-a-lot Markets', '187 Suffolk Ln.', 'Boise', 'ID', '83720', 'USA'),
  (10895, 'ERNSH', 3, '1998-02-18 00:00:00', '1998-03-18 00:00:00', '1998-02-23 00:00:00', 1, 162.75000, 'Ernst Handel', 'Kirchgasse 6', 'Graz', 'null', '8010', 'Austria'),
  (10896, 'MAISD', 7, '1998-02-19 00:00:00', '1998-03-19 00:00:00', '1998-02-27 00:00:00', 3, 32.45000, 'Maison Dewey', 'Rue Joseph-Bens 532', 'Bruxelles', 'null', 'B-1180', 'Belgium'),
  (10897, 'HUNGO', 3, '1998-02-19 00:00:00', '1998-03-19 00:00:00', '1998-02-25 00:00:00', 2, 603.54000, 'Hungry Owl All-Night Grocers', '8 Johnstown Road', 'Cork', 'Co. Cork', 'null', 'Ireland'),
  (10898, 'OCEAN', 4, '1998-02-20 00:00:00', '1998-03-20 00:00:00', '1998-03-06 00:00:00', 2, 1.27000, 'Océano Atlántico Ltda.', 'Ing. Gustavo Moncada 8585 Piso 20-A', 'Buenos Aires', 'null', '1010', 'Argentina'),
  (10899, 'LILAS', 5, '1998-02-20 00:00:00', '1998-03-20 00:00:00', '1998-02-26 00:00:00', 3, 1.21000, 'LILA-Supermercado', 'Carrera 52 con Ave. Bolívar #65-98 Llano Largo', 'Barquisimeto', 'Lara', '3508', 'Venezuela'),
  (10900, 'WELLI', 1, '1998-02-20 00:00:00', '1998-03-20 00:00:00', '1998-03-04 00:00:00', 2, 1.66000, 'Wellington Importadora', 'Rua do Mercado, 12', 'Resende', 'SP', '08737-363', 'Brazil'),
  (10901, 'HILAA', 4, '1998-02-23 00:00:00', '1998-03-23 00:00:00', '1998-02-26 00:00:00', 1, 62.09000, 'HILARION-Abastos', 'Carrera 22 con Ave. Carlos Soublette #8-35', 'San Cristóbal', 'Táchira', '5022', 'Venezuela'),
  (10902, 'FOLKO', 1, '1998-02-23 00:00:00', '1998-03-23 00:00:00', '1998-03-03 00:00:00', 1, 44.15000, 'Folk och fä HB', 'Åkergatan 24', 'Bräcke', 'null', 'S-844 67', 'Sweden'),
  (10903, 'HANAR', 3, '1998-02-24 00:00:00', '1998-03-24 00:00:00', '1998-03-04 00:00:00', 3, 36.71000, 'Hanari Carnes', 'Rua do Paço, 67', 'Rio de Janeiro', 'RJ', '05454-876', 'Brazil'),
  (10904, 'WHITC', 3, '1998-02-24 00:00:00', '1998-03-24 00:00:00', '1998-02-27 00:00:00', 3, 162.95000, 'White Clover Markets', '1029 - 12th Ave. S.', 'Seattle', 'WA', '98124', 'USA'),
  (10905, 'WELLI', 9, '1998-02-24 00:00:00', '1998-03-24 00:00:00', '1998-03-06 00:00:00', 2, 13.72000, 'Wellington Importadora', 'Rua do Mercado, 12', 'Resende', 'SP', '08737-363', 'Brazil'),
  (10906, 'WOLZA', 4, '1998-02-25 00:00:00', '1998-03-11 00:00:00', '1998-03-03 00:00:00', 3, 26.29000, 'Wolski Zajazd', 'ul. Filtrowa 68', 'Warszawa', 'null', '01-012', 'Poland'),
  (10907, 'SPECD', 6, '1998-02-25 00:00:00', '1998-03-25 00:00:00', '1998-02-27 00:00:00', 3, 9.19000, 'Spécialités du monde', '25, rue Lauriston', 'Paris', 'null', '75016', 'France'),
  (10908, 'REGGC', 4, '1998-02-26 00:01:00', '1998-03-26 00:00:00', '1998-03-06 00:00:00', 2, 32.96000, 'Reggiani Caseifici', 'Strada Provinciale 124', 'Reggio Emilia', 'null', '42100', 'Italy'),
  (10909, 'SANTG', 1, '1998-02-26 00:00:00', '1998-03-26 00:00:00', '1998-03-10 00:00:00', 2, 53.05000, 'Santé Gourmet', 'Erling Skakkes gate 78', 'Stavern', 'null', '4110', 'Norway'),
  (10910, 'WILMK', 1, '1998-02-26 00:00:00', '1998-03-26 00:00:00', '1998-03-04 00:00:00', 3, 38.11000, 'Wilman Kala', 'Keskuskatu 45', 'Helsinki', 'null', '21240', 'Finland'),
  (10911, 'GODOS', 3, '1998-02-26 00:00:00', '1998-03-26 00:00:00', '1998-03-05 00:00:00', 1, 38.19000, 'Godos Cocina Típica', 'C/ Romero, 33', 'Sevilla', 'null', '41101', 'Spain'),
  (10912, 'HUNGO', 2, '1998-02-26 00:00:00', '1998-03-26 00:00:00', '1998-03-18 00:00:00', 2, 580.91000, 'Hungry Owl All-Night Grocers', '8 Johnstown Road', 'Cork', 'Co. Cork', 'null', 'Ireland'),
  (10913, 'QUEEN', 4, '1998-02-26 00:00:00', '1998-03-26 00:00:00', '1998-03-04 00:00:00', 1, 33.05000, 'Queen Cozinha', 'Alameda dos Canàrios, 891', 'Sao Paulo', 'SP', '05487-020', 'Brazil'),
  (10914, 'QUEEN', 6, '1998-02-27 00:00:00', '1998-03-27 00:00:00', '1998-03-02 00:00:00', 1, 21.19000, 'Queen Cozinha', 'Alameda dos Canàrios, 891', 'Sao Paulo', 'SP', '05487-020', 'Brazil'),
  (10915, 'TORTU', 2, '1998-02-27 00:00:00', '1998-03-27 00:00:00', '1998-03-02 00:00:00', 2, 3.51000, 'Tortuga Restaurante', 'Avda. Azteca 123', 'México D.F.', 'null', '05033', 'Mexico'),
  (10916, 'RANCH', 1, '1998-02-27 00:00:00', '1998-03-27 00:00:00', '1998-03-09 00:00:00', 2, 63.77000, 'Rancho grande', 'Av. del Libertador 900', 'Buenos Aires', 'null', '1010', 'Argentina'),
  (10917, 'ROMEY', 4, '1998-03-02 00:00:00', '1998-03-30 00:00:00', '1998-03-11 00:00:00', 2, 8.29000, 'Romero y tomillo', 'Gran Vía, 1', 'Madrid', 'null', '28001', 'Spain'),
  (10918, 'BOTTM', 3, '1998-03-02 00:00:00', '1998-03-30 00:00:00', '1998-03-11 00:00:00', 3, 48.83000, 'Bottom-Dollar Markets', '23 Tsawassen Blvd.', 'Tsawassen', 'BC', 'T2F 8M4', 'Canada'),
  (10919, 'LINOD', 2, '1998-03-02 00:00:00', '1998-03-30 00:00:00', '1998-03-04 00:00:00', 2, 19.80000, 'LINO-Delicateses', 'Ave. 5 de Mayo Porlamar', 'I. de Margarita', 'Nueva Esparta', '4980', 'Venezuela'),
  (10920, 'AROUT', 4, '1998-03-03 00:00:00', '1998-03-31 00:00:00', '1998-03-09 00:00:00', 2, 29.61000, 'Around the Horn', 'Brook Farm Stratford St. Mary', 'Colchester', 'Essex', 'CO7 6JX', 'UK'),
  (10921, 'VAFFE', 1, '1998-03-03 00:00:00', '1998-04-14 00:00:00', '1998-03-09 00:00:00', 1, 176.48000, 'Vaffeljernet', 'Smagsloget 45', 'Århus', 'null', '8200', 'Denmark'),
  (10922, 'HANAR', 5, '1998-03-03 00:00:00', '1998-03-31 00:00:00', '1998-03-05 00:00:00', 3, 62.74000, 'Hanari Carnes', 'Rua do Paço, 67', 'Rio de Janeiro', 'RJ', '05454-876', 'Brazil'),
  (10923, 'LAMAI', 7, '1998-03-03 00:00:00', '1998-04-14 00:00:00', '1998-03-13 00:00:00', 3, 68.26000, 'La maison d\'Asie', '1 rue Alsace-Lorraine', 'Toulouse', 'null', '31000', 'France'),
  (10924, 'BERGS', 3, '1998-03-04 00:00:00', '1998-04-01 00:00:00', '1998-04-08 00:00:00', 2, 151.52000, 'Berglunds snabbköp', 'Berguvsvägen  8', 'Luleå', 'null', 'S-958 22', 'Sweden'),
  (10925, 'HANAR', 3, '1998-03-04 00:00:00', '1998-04-01 00:00:00', '1998-03-13 00:00:00', 1, 2.27000, 'Hanari Carnes', 'Rua do Paço, 67', 'Rio de Janeiro', 'RJ', '05454-876', 'Brazil'),
  (10926, 'ANATR', 4, '1998-03-04 00:00:00', '1998-04-01 00:00:00', '1998-03-11 00:00:00', 3, 39.92000, 'Ana Trujillo Emparedados y helados', 'Avda. de la Constitución 2222', 'México D.F.', 'null', '05021', 'Mexico'),
  (10927, 'LACOR', 4, '1998-03-05 00:00:00', '1998-04-02 00:00:00', '1998-04-08 00:00:00', 1, 19.79000, 'La corne d\'abondance', '67, avenue de l\'Europe', 'Versailles', 'null', '78000', 'France'),
  (10928, 'GALED', 1, '1998-03-05 00:00:00', '1998-04-02 00:00:00', '1998-03-18 00:00:00', 1, 1.36000, 'Galería del gastronómo', 'Rambla de Cataluña, 23', 'Barcelona', 'null', '8022', 'Spain'),
  (10929, 'FRANK', 6, '1998-03-05 00:00:00', '1998-04-02 00:00:00', '1998-03-12 00:00:00', 1, 33.93000, 'Frankenversand', 'Berliner Platz 43', 'München', 'null', '80805', 'Germany'),
  (10930, 'SUPRD', 4, '1998-03-06 00:00:00', '1998-04-17 00:00:00', '1998-03-18 00:00:00', 3, 15.55000, 'Suprêmes délices', 'Boulevard Tirou, 255', 'Charleroi', 'null', 'B-6000', 'Belgium'),
  (10931, 'RICSU', 4, '1998-03-06 00:00:00', '1998-03-20 00:00:00', '1998-03-19 00:00:00', 2, 13.60000, 'Richter Supermarkt', 'Starenweg 5', 'Genève', 'null', '1204', 'Switzerland'),
  (10932, 'BONAP', 8, '1998-03-06 00:00:00', '1998-04-03 00:00:00', '1998-03-24 00:00:00', 1, 134.64000, 'Bon app\'', '12, rue des Bouchers', 'Marseille', 'null', '13008', 'France'),
  (10933, 'ISLAT', 6, '1998-03-06 00:00:00', '1998-04-03 00:00:00', '1998-03-16 00:00:00', 3, 54.15000, 'Island Trading', 'Garden House Crowther Way', 'Cowes', 'Isle of Wight', 'PO31 7PJ', 'UK'),
  (10934, 'LEHMS', 3, '1998-03-09 00:00:00', '1998-04-06 00:00:00', '1998-03-12 00:00:00', 3, 32.01000, 'Lehmanns Marktstand', 'Magazinweg 7', 'Frankfurt a.M.', 'null', '60528', 'Germany'),
  (10935, 'WELLI', 4, '1998-03-09 00:00:00', '1998-04-06 00:00:00', '1998-03-18 00:00:00', 3, 47.59000, 'Wellington Importadora', 'Rua do Mercado, 12', 'Resende', 'SP', '08737-363', 'Brazil'),
  (10936, 'GREAL', 3, '1998-03-09 00:00:00', '1998-04-06 00:00:00', '1998-03-18 00:00:00', 2, 33.68000, 'Great Lakes Food Market', '2732 Baker Blvd.', 'Eugene', 'OR', '97403', 'USA'),
  (10937, 'CACTU', 7, '1998-03-10 00:00:00', '1998-03-24 00:00:00', '1998-03-13 00:00:00', 3, 31.51000, 'Cactus Comidas para llevar', 'Cerrito 333', 'Buenos Aires', 'null', '1010', 'Argentina'),
  (10938, 'QUICK', 3, '1998-03-10 00:00:00', '1998-04-07 00:00:00', '1998-03-16 00:00:00', 2, 31.89000, 'QUICK-Stop', 'Taucherstraße 10', 'Cunewalde', 'null', '01307', 'Germany'),
  (10939, 'MAGAA', 2, '1998-03-10 00:00:00', '1998-04-07 00:00:00', '1998-03-13 00:00:00', 2, 76.33000, 'Magazzini Alimentari Riuniti', 'Via Ludovico il Moro 22', 'Bergamo', 'null', '24100', 'Italy'),
  (10940, 'BONAP', 8, '1998-03-11 00:00:00', '1998-04-08 00:00:00', '1998-03-23 00:00:00', 3, 19.77000, 'Bon app\'', '12, rue des Bouchers', 'Marseille', 'null', '13008', 'France'),
  (10941, 'SAVEA', 7, '1998-03-11 00:00:00', '1998-04-08 00:00:00', '1998-03-20 00:00:00', 2, 400.81000, 'Save-a-lot Markets', '187 Suffolk Ln.', 'Boise', 'ID', '83720', 'USA'),
  (10942, 'REGGC', 9, '1998-03-11 00:00:00', '1998-04-08 00:00:00', '1998-03-18 00:00:00', 3, 17.95000, 'Reggiani Caseifici', 'Strada Provinciale 124', 'Reggio Emilia', 'null', '42100', 'Italy'),
  (10943, 'BSBEV', 4, '1998-03-11 00:00:00', '1998-04-08 00:00:00', '1998-03-19 00:00:00', 2, 2.17000, 'B\'s Beverages', 'Fauntleroy Circus', 'London', 'null', 'EC2 5NT', 'UK'),
  (10944, 'BOTTM', 6, '1998-03-12 00:00:00', '1998-03-26 00:00:00', '1998-03-13 00:00:00', 3, 52.92000, 'Bottom-Dollar Markets', '23 Tsawassen Blvd.', 'Tsawassen', 'BC', 'T2F 8M4', 'Canada'),
  (10945, 'MORGK', 4, '1998-03-12 00:00:00', '1998-04-09 00:00:00', '1998-03-18 00:00:00', 1, 10.22000, 'Morgenstern Gesundkost', 'Heerstr. 22', 'Leipzig', 'null', '04179', 'Germany'),
  (10946, 'VAFFE', 1, '1998-03-12 00:00:00', '1998-04-09 00:00:00', '1998-03-19 00:00:00', 2, 27.20000, 'Vaffeljernet', 'Smagsloget 45', 'Århus', 'null', '8200', 'Denmark'),
  (10947, 'BSBEV', 3, '1998-03-13 00:00:00', '1998-04-10 00:00:00', '1998-03-16 00:00:00', 2, 3.26000, 'B\'s Beverages', 'Fauntleroy Circus', 'London', 'null', 'EC2 5NT', 'UK'),
  (10948, 'GODOS', 3, '1998-03-13 00:00:00', '1998-04-10 00:00:00', '1998-03-19 00:00:00', 3, 23.39000, 'Godos Cocina Típica', 'C/ Romero, 33', 'Sevilla', 'null', '41101', 'Spain'),
  (10949, 'BOTTM', 2, '1998-03-13 00:00:00', '1998-04-10 00:00:00', '1998-03-17 00:00:00', 3, 74.44000, 'Bottom-Dollar Markets', '23 Tsawassen Blvd.', 'Tsawassen', 'BC', 'T2F 8M4', 'Canada'),
  (10950, 'MAGAA', 1, '1998-03-16 00:00:00', '1998-04-13 00:00:00', '1998-03-23 00:00:00', 2, 2.50000, 'Magazzini Alimentari Riuniti', 'Via Ludovico il Moro 22', 'Bergamo', 'null', '24100', 'Italy'),
  (10951, 'RICSU', 9, '1998-03-16 00:00:00', '1998-04-27 00:00:00', '1998-04-07 00:00:00', 2, 30.85000, 'Richter Supermarkt', 'Starenweg 5', 'Genève', 'null', '1204', 'Switzerland'),
  (10952, 'ALFKI', 1, '1998-03-16 00:00:00', '1998-04-27 00:00:00', '1998-03-24 00:00:00', 1, 40.42000, 'Alfred\'s Futterkiste', 'Obere Str. 57', 'Berlin', 'null', '12209', 'Germany'),
  (10953, 'AROUT', 9, '1998-03-16 00:00:00', '1998-03-30 00:00:00', '1998-03-25 00:00:00', 2, 23.72000, 'Around the Horn', 'Brook Farm Stratford St. Mary', 'Colchester', 'Essex', 'CO7 6JX', 'UK'),
  (10954, 'LINOD', 5, '1998-03-17 00:00:00', '1998-04-28 00:00:00', '1998-03-20 00:00:00', 1, 27.91000, 'LINO-Delicateses', 'Ave. 5 de Mayo Porlamar', 'I. de Margarita', 'Nueva Esparta', '4980', 'Venezuela'),
  (10955, 'FOLKO', 8, '1998-03-17 00:00:00', '1998-04-14 00:00:00', '1998-03-20 00:00:00', 2, 3.26000, 'Folk och fä HB', 'Åkergatan 24', 'Bräcke', 'null', 'S-844 67', 'Sweden'),
  (10956, 'BLAUS', 6, '1998-03-17 00:00:00', '1998-04-28 00:00:00', '1998-03-20 00:00:00', 2, 44.65000, 'Blauer See Delikatessen', 'Forsterstr. 57', 'Mannheim', 'null', '68306', 'Germany'),
  (10957, 'HILAA', 8, '1998-03-18 00:00:00', '1998-04-15 00:00:00', '1998-03-27 00:00:00', 3, 105.36000, 'HILARION-Abastos', 'Carrera 22 con Ave. Carlos Soublette #8-35', 'San Cristóbal', 'Táchira', '5022', 'Venezuela'),
  (10958, 'OCEAN', 7, '1998-03-18 00:00:00', '1998-04-15 00:00:00', '1998-03-27 00:00:00', 2, 49.56000, 'Océano Atlántico Ltda.', 'Ing. Gustavo Moncada 8585 Piso 20-A', 'Buenos Aires', 'null', '1010', 'Argentina'),
  (10959, 'GOURL', 6, '1998-03-18 00:00:00', '1998-04-29 00:00:00', '1998-03-23 00:00:00', 2, 4.98000, 'Gourmet Lanchonetes', 'Av. Brasil, 442', 'Campinas', 'SP', '04876-786', 'Brazil'),
  (10960, 'HILAA', 3, '1998-03-19 00:00:00', '1998-04-02 00:00:00', '1998-04-08 00:00:00', 1, 2.08000, 'HILARION-Abastos', 'Carrera 22 con Ave. Carlos Soublette #8-35', 'San Cristóbal', 'Táchira', '5022', 'Venezuela'),
  (10961, 'QUEEN', 8, '1998-03-19 00:00:00', '1998-04-16 00:00:00', '1998-03-30 00:00:00', 1, 104.47000, 'Queen Cozinha', 'Alameda dos Canàrios, 891', 'Sao Paulo', 'SP', '05487-020', 'Brazil'),
  (10962, 'QUICK', 8, '1998-03-19 00:00:00', '1998-04-16 00:00:00', '1998-03-23 00:00:00', 2, 275.79000, 'QUICK-Stop', 'Taucherstraße 10', 'Cunewalde', 'null', '01307', 'Germany'),
  (10963, 'FURIB', 9, '1998-03-19 00:00:00', '1998-04-16 00:00:00', '1998-03-26 00:00:00', 3, 2.70000, 'Furia Bacalhau e Frutos do Mar', 'Jardim das rosas n. 32', 'Lisboa', 'null', '1675', 'Portugal'),
  (10964, 'SPECD', 3, '1998-03-20 00:00:00', '1998-04-17 00:00:00', '1998-03-24 00:00:00', 2, 87.38000, 'Spécialités du monde', '25, rue Lauriston', 'Paris', 'null', '75016', 'France'),
  (10965, 'OLDWO', 6, '1998-03-20 00:00:00', '1998-04-17 00:00:00', '1998-03-30 00:00:00', 3, 144.38000, 'Old World Delicatessen', '2743 Bering St.', 'Anchorage', 'AK', '99508', 'USA'),
  (10966, 'CHOPS', 4, '1998-03-20 00:00:00', '1998-04-17 00:00:00', '1998-04-08 00:00:00', 1, 27.19000, 'Chop-suey Chinese', 'Hauptstr. 31', 'Bern', 'null', '3012', 'Switzerland'),
  (10967, 'TOMSP', 2, '1998-03-23 00:00:00', '1998-04-20 00:00:00', '1998-04-02 00:00:00', 2, 62.22000, 'Toms Spezialitäten', 'Luisenstr. 48', 'Münster', 'null', '44087', 'Germany'),
  (10968, 'ERNSH', 1, '1998-03-23 00:00:00', '1998-04-20 00:00:00', '1998-04-01 00:00:00', 3, 74.60000, 'Ernst Handel', 'Kirchgasse 6', 'Graz', 'null', '8010', 'Austria'),
  (10969, 'COMMI', 1, '1998-03-23 00:00:00', '1998-04-20 00:00:00', '1998-03-30 00:00:00', 2, 0.21000, 'Comércio Mineiro', 'Av. dos Lusíadas, 23', 'Sao Paulo', 'SP', '05432-043', 'Brazil'),
  (10970, 'BOLID', 9, '1998-03-24 00:00:00', '1998-04-07 00:00:00', '1998-04-24 00:00:00', 1, 16.16000, 'Bólido Comidas preparadas', 'C/ Araquil, 67', 'Madrid', 'null', '28023', 'Spain'),
  (10971, 'FRANR', 2, '1998-03-24 00:00:00', '1998-04-21 00:00:00', '1998-04-02 00:00:00', 2, 121.82000, 'France restauration', '54, rue Royale', 'Nantes', 'null', '44000', 'France'),
  (10972, 'LACOR', 4, '1998-03-24 00:00:00', '1998-04-21 00:00:00', '1998-03-26 00:00:00', 2, 0.02000, 'La corne d\'abondance', '67, avenue de l\'Europe', 'Versailles', 'null', '78000', 'France'),
  (10973, 'LACOR', 6, '1998-03-24 00:00:00', '1998-04-21 00:00:00', '1998-03-27 00:00:00', 2, 15.17000, 'La corne d\'abondance', '67, avenue de l\'Europe', 'Versailles', 'null', '78000', 'France'),
  (10974, 'SPLIR', 3, '1998-03-25 00:00:00', '1998-04-08 00:00:00', '1998-04-03 00:00:00', 3, 12.96000, 'Split Rail Beer & Ale', 'P.O. Box 555', 'Lander', 'WY', '82520', 'USA'),
  (10975, 'BOTTM', 1, '1998-03-25 00:00:00', '1998-04-22 00:00:00', '1998-03-27 00:00:00', 3, 32.27000, 'Bottom-Dollar Markets', '23 Tsawassen Blvd.', 'Tsawassen', 'BC', 'T2F 8M4', 'Canada'),
  (10976, 'HILAA', 1, '1998-03-25 00:00:00', '1998-05-06 00:00:00', '1998-04-03 00:00:00', 1, 37.97000, 'HILARION-Abastos', 'Carrera 22 con Ave. Carlos Soublette #8-35', 'San Cristóbal', 'Táchira', '5022', 'Venezuela'),
  (10977, 'FOLKO', 8, '1998-03-26 00:00:00', '1998-04-23 00:00:00', '1998-04-10 00:00:00', 3, 208.50000, 'Folk och fä HB', 'Åkergatan 24', 'Bräcke', 'null', 'S-844 67', 'Sweden'),
  (10978, 'MAISD', 9, '1998-03-26 00:00:00', '1998-04-23 00:00:00', '1998-04-23 00:00:00', 2, 32.82000, 'Maison Dewey', 'Rue Joseph-Bens 532', 'Bruxelles', 'null', 'B-1180', 'Belgium'),
  (10979, 'ERNSH', 8, '1998-03-26 00:00:00', '1998-04-23 00:00:00', '1998-03-31 00:00:00', 2, 353.07000, 'Ernst Handel', 'Kirchgasse 6', 'Graz', 'null', '8010', 'Austria'),
  (10980, 'FOLKO', 4, '1998-03-27 00:00:00', '1998-05-08 00:00:00', '1998-04-17 00:00:00', 1, 1.26000, 'Folk och fä HB', 'Åkergatan 24', 'Bräcke', 'null', 'S-844 67', 'Sweden'),
  (10981, 'HANAR', 1, '1998-03-27 00:00:00', '1998-04-24 00:00:00', '1998-04-02 00:00:00', 2, 193.37000, 'Hanari Carnes', 'Rua do Paço, 67', 'Rio de Janeiro', 'RJ', '05454-876', 'Brazil'),
  (10982, 'BOTTM', 2, '1998-03-27 00:00:00', '1998-04-24 00:00:00', '1998-04-08 00:00:00', 1, 14.01000, 'Bottom-Dollar Markets', '23 Tsawassen Blvd.', 'Tsawassen', 'BC', 'T2F 8M4', 'Canada'),
  (10983, 'SAVEA', 2, '1998-03-27 00:00:00', '1998-04-24 00:00:00', '1998-04-06 00:00:00', 2, 657.54000, 'Save-a-lot Markets', '187 Suffolk Ln.', 'Boise', 'ID', '83720', 'USA'),
  (10984, 'SAVEA', 1, '1998-03-30 00:00:00', '1998-04-27 00:00:00', '1998-04-03 00:00:00', 3, 211.22000, 'Save-a-lot Markets', '187 Suffolk Ln.', 'Boise', 'ID', '83720', 'USA'),
  (10985, 'HUNGO', 2, '1998-03-30 00:00:00', '1998-04-27 00:00:00', '1998-04-02 00:00:00', 1, 91.51000, 'Hungry Owl All-Night Grocers', '8 Johnstown Road', 'Cork', 'Co. Cork', 'null', 'Ireland'),
  (10986, 'OCEAN', 8, '1998-03-30 00:00:00', '1998-04-27 00:00:00', '1998-04-21 00:00:00', 2, 217.86000, 'Océano Atlántico Ltda.', 'Ing. Gustavo Moncada 8585 Piso 20-A', 'Buenos Aires', 'null', '1010', 'Argentina'),
  (10987, 'EASTC', 8, '1998-03-31 00:00:00', '1998-04-28 00:00:00', '1998-04-06 00:00:00', 1, 185.48000, 'Eastern Connection', '35 King George', 'London', 'null', 'WX3 6FW', 'UK'),
  (10988, 'RATTC', 3, '1998-03-31 00:00:00', '1998-04-28 00:00:00', '1998-04-10 00:00:00', 2, 61.14000, 'Rattlesnake Canyon Grocery', '2817 Milton Dr.', 'Albuquerque', 'NM', '87110', 'USA'),
  (10989, 'QUEDE', 2, '1998-03-31 00:00:00', '1998-04-28 00:00:00', '1998-04-02 00:00:00', 1, 34.76000, 'Que Delícia', 'Rua da Panificadora, 12', 'Rio de Janeiro', 'RJ', '02389-673', 'Brazil'),
  (10990, 'ERNSH', 2, '1998-04-01 00:00:00', '1998-05-13 00:00:00', '1998-04-07 00:00:00', 3, 117.61000, 'Ernst Handel', 'Kirchgasse 6', 'Graz', 'null', '8010', 'Austria'),
  (10991, 'QUICK', 1, '1998-04-01 00:00:00', '1998-04-29 00:00:00', '1998-04-07 00:00:00', 1, 38.51000, 'QUICK-Stop', 'Taucherstraße 10', 'Cunewalde', 'null', '01307', 'Germany'),
  (10992, 'THEBI', 1, '1998-04-01 00:00:00', '1998-04-29 00:00:00', '1998-04-03 00:00:00', 3, 4.27000, 'The Big Cheese', '89 Jefferson Way Suite 2', 'Portland', 'OR', '97201', 'USA'),
  (10993, 'FOLKO', 7, '1998-04-01 00:00:00', '1998-04-29 00:00:00', '1998-04-10 00:00:00', 3, 8.81000, 'Folk och fä HB', 'Åkergatan 24', 'Bräcke', 'null', 'S-844 67', 'Sweden'),
  (10994, 'VAFFE', 2, '1998-04-02 00:00:00', '1998-04-16 00:00:00', '1998-04-09 00:00:00', 3, 65.53000, 'Vaffeljernet', 'Smagsloget 45', 'Århus', 'null', '8200', 'Denmark'),
  (10995, 'PERIC', 1, '1998-04-02 00:00:00', '1998-04-30 00:00:00', '1998-04-06 00:00:00', 3, 46.00000, 'Pericles Comidas clásicas', 'Calle Dr. Jorge Cash 321', 'México D.F.', 'null', '05033', 'Mexico'),
  (10996, 'QUICK', 4, '1998-04-02 00:00:00', '1998-04-30 00:00:00', '1998-04-10 00:00:00', 2, 1.12000, 'QUICK-Stop', 'Taucherstraße 10', 'Cunewalde', 'null', '01307', 'Germany'),
  (10997, 'LILAS', 8, '1998-04-03 00:00:00', '1998-05-15 00:00:00', '1998-04-13 00:00:00', 2, 73.91000, 'LILA-Supermercado', 'Carrera 52 con Ave. Bolívar #65-98 Llano Largo', 'Barquisimeto', 'Lara', '3508', 'Venezuela'),
  (10998, 'WOLZA', 8, '1998-04-03 00:00:00', '1998-04-17 00:00:00', '1998-04-17 00:00:00', 2, 20.31000, 'Wolski Zajazd', 'ul. Filtrowa 68', 'Warszawa', 'null', '01-012', 'Poland'),
  (10999, 'OTTIK', 6, '1998-04-03 00:00:00', '1998-05-01 00:00:00', '1998-04-10 00:00:00', 2, 96.35000, 'Ottilies Käseladen', 'Mehrheimerstr. 369', 'Köln', 'null', '50739', 'Germany'),
  (11000, 'RATTC', 2, '1998-04-06 00:00:00', '1998-05-04 00:00:00', '1998-04-14 00:00:00', 3, 55.12000, 'Rattlesnake Canyon Grocery', '2817 Milton Dr.', 'Albuquerque', 'NM', '87110', 'USA'),
  (11001, 'FOLKO', 2, '1998-04-06 00:00:00', '1998-05-04 00:00:00', '1998-04-14 00:00:00', 2, 197.30000, 'Folk och fä HB', 'Åkergatan 24', 'Bräcke', 'null', 'S-844 67', 'Sweden'),
  (11002, 'SAVEA', 4, '1998-04-06 00:00:00', '1998-05-04 00:00:00', '1998-04-16 00:00:00', 1, 141.16000, 'Save-a-lot Markets', '187 Suffolk Ln.', 'Boise', 'ID', '83720', 'USA'),
  (11003, 'THECR', 3, '1998-04-06 00:00:00', '1998-05-04 00:00:00', '1998-04-08 00:00:00', 3, 14.91000, 'The Cracker Box', '55 Grizzly Peak Rd.', 'Butte', 'MT', '59801', 'USA'),
  (11004, 'MAISD', 3, '1998-04-07 00:00:00', '1998-05-05 00:00:00', '1998-04-20 00:00:00', 1, 44.84000, 'Maison Dewey', 'Rue Joseph-Bens 532', 'Bruxelles', 'null', 'B-1180', 'Belgium'),
  (11005, 'WILMK', 2, '1998-04-07 00:00:00', '1998-05-05 00:00:00', '1998-04-10 00:00:00', 1, 0.75000, 'Wilman Kala', 'Keskuskatu 45', 'Helsinki', 'null', '21240', 'Finland'),
  (11006, 'GREAL', 3, '1998-04-07 00:00:00', '1998-05-05 00:00:00', '1998-04-15 00:00:00', 2, 25.19000, 'Great Lakes Food Market', '2732 Baker Blvd.', 'Eugene', 'OR', '97403', 'USA'),
  (11007, 'PRINI', 8, '1998-04-08 00:00:00', '1998-05-06 00:00:00', '1998-04-13 00:00:00', 2, 202.24000, 'Princesa Isabel Vinhos', 'Estrada da saúde n. 58', 'Lisboa', 'null', '1756', 'Portugal'),
  (11008, 'ERNSH', 7, '1998-04-08 00:00:00', '1998-05-06 00:00:00', NULL, 3, 79.46000, 'Ernst Handel', 'Kirchgasse 6', 'Graz', 'null', '8010', 'Austria'),
  (11009, 'GODOS', 2, '1998-04-08 00:00:00', '1998-05-06 00:00:00', '1998-04-10 00:00:00', 1, 59.11000, 'Godos Cocina Típica', 'C/ Romero, 33', 'Sevilla', 'null', '41101', 'Spain'),
  (11010, 'REGGC', 2, '1998-04-09 00:00:00', '1998-05-07 00:00:00', '1998-04-21 00:00:00', 2, 28.71000, 'Reggiani Caseifici', 'Strada Provinciale 124', 'Reggio Emilia', 'null', '42100', 'Italy'),
  (11011, 'ALFKI', 3, '1998-04-09 00:00:00', '1998-05-07 00:00:00', '1998-04-13 00:00:00', 1, 1.21000, 'Alfred\'s Futterkiste', 'Obere Str. 57', 'Berlin', 'null', '12209', 'Germany'),
  (11012, 'FRANK', 1, '1998-04-09 00:00:00', '1998-04-23 00:00:00', '1998-04-17 00:00:00', 3, 242.95000, 'Frankenversand', 'Berliner Platz 43', 'München', 'null', '80805', 'Germany'),
  (11013, 'ROMEY', 2, '1998-04-09 00:00:00', '1998-05-07 00:00:00', '1998-04-10 00:00:00', 1, 32.99000, 'Romero y tomillo', 'Gran Vía, 1', 'Madrid', 'null', '28001', 'Spain'),
  (11014, 'LINOD', 2, '1998-04-10 00:00:00', '1998-05-08 00:00:00', '1998-04-15 00:00:00', 3, 23.60000, 'LINO-Delicateses', 'Ave. 5 de Mayo Porlamar', 'I. de Margarita', 'Nueva Esparta', '4980', 'Venezuela'),
  (11015, 'SANTG', 2, '1998-04-10 00:00:00', '1998-04-24 00:00:00', '1998-04-20 00:00:00', 2, 4.62000, 'Santé Gourmet', 'Erling Skakkes gate 78', 'Stavern', 'null', '4110', 'Norway'),
  (11016, 'AROUT', 9, '1998-04-10 00:00:00', '1998-05-08 00:00:00', '1998-04-13 00:00:00', 2, 33.80000, 'Around the Horn', 'Brook Farm Stratford St. Mary', 'Colchester', 'Essex', 'CO7 6JX', 'UK'),
  (11017, 'ERNSH', 9, '1998-04-13 00:00:00', '1998-05-11 00:00:00', '1998-04-20 00:00:00', 2, 754.26000, 'Ernst Handel', 'Kirchgasse 6', 'Graz', 'null', '8010', 'Austria'),
  (11018, 'LONEP', 4, '1998-04-13 00:00:00', '1998-05-11 00:00:00', '1998-04-16 00:00:00', 2, 11.65000, 'Lonesome Pine Restaurant', '89 Chiaroscuro Rd.', 'Portland', 'OR', '97219', 'USA'),
  (11019, 'RANCH', 6, '1998-04-13 00:00:00', '1998-05-11 00:00:00', NULL, 3, 3.17000, 'Rancho grande', 'Av. del Libertador 900', 'Buenos Aires', 'null', '1010', 'Argentina'),
  (11020, 'OTTIK', 2, '1998-04-14 00:00:00', '1998-05-12 00:00:00', '1998-04-16 00:00:00', 2, 43.30000, 'Ottilies Käseladen', 'Mehrheimerstr. 369', 'Köln', 'null', '50739', 'Germany'),
  (11021, 'QUICK', 3, '1998-04-14 00:00:00', '1998-05-12 00:00:00', '1998-04-21 00:00:00', 1, 297.18000, 'QUICK-Stop', 'Taucherstraße 10', 'Cunewalde', 'null', '01307', 'Germany'),
  (11022, 'HANAR', 9, '1998-04-14 00:00:00', '1998-05-12 00:00:00', '1998-05-04 00:00:00', 2, 6.27000, 'Hanari Carnes', 'Rua do Paço, 67', 'Rio de Janeiro', 'RJ', '05454-876', 'Brazil'),
  (11023, 'BSBEV', 1, '1998-04-14 00:00:00', '1998-04-28 00:00:00', '1998-04-24 00:00:00', 2, 123.83000, 'B\'s Beverages', 'Fauntleroy Circus', 'London', 'null', 'EC2 5NT', 'UK'),
  (11024, 'EASTC', 4, '1998-04-15 00:00:00', '1998-05-13 00:00:00', '1998-04-20 00:00:00', 1, 74.36000, 'Eastern Connection', '35 King George', 'London', 'null', 'WX3 6FW', 'UK'),
  (11025, 'WARTH', 6, '1998-04-15 00:00:00', '1998-05-13 00:00:00', '1998-04-24 00:00:00', 3, 29.17000, 'Wartian Herkku', 'Torikatu 38', 'Oulu', 'null', '90110', 'Finland'),
  (11026, 'FRANS', 4, '1998-04-15 00:00:00', '1998-05-13 00:00:00', '1998-04-28 00:00:00', 1, 47.09000, 'Franchi S.p.A.', 'Via Monte Bianco 34', 'Torino', 'null', '10100', 'Italy'),
  (11027, 'BOTTM', 1, '1998-04-16 00:00:00', '1998-05-14 00:00:00', '1998-04-20 00:00:00', 1, 52.52000, 'Bottom-Dollar Markets', '23 Tsawassen Blvd.', 'Tsawassen', 'BC', 'T2F 8M4', 'Canada'),
  (11028, 'KOENE', 2, '1998-04-16 00:00:00', '1998-05-14 00:00:00', '1998-04-22 00:00:00', 1, 29.59000, 'Königlich Essen', 'Maubelstr. 90', 'Brandenburg', 'null', '14776', 'Germany'),
  (11029, 'CHOPS', 4, '1998-04-16 00:00:00', '1998-05-14 00:00:00', '1998-04-27 00:00:00', 1, 47.84000, 'Chop-suey Chinese', 'Hauptstr. 31', 'Bern', 'null', '3012', 'Switzerland'),
  (11030, 'SAVEA', 7, '1998-04-17 00:00:00', '1998-05-15 00:00:00', '1998-04-27 00:00:00', 2, 830.75000, 'Save-a-lot Markets', '187 Suffolk Ln.', 'Boise', 'ID', '83720', 'USA'),
  (11031, 'SAVEA', 6, '1998-04-17 00:00:00', '1998-05-15 00:00:00', '1998-04-24 00:00:00', 2, 227.22000, 'Save-a-lot Markets', '187 Suffolk Ln.', 'Boise', 'ID', '83720', 'USA'),
  (11032, 'WHITC', 2, '1998-04-17 00:00:00', '1998-05-15 00:00:00', '1998-04-23 00:00:00', 3, 606.19000, 'White Clover Markets', '1029 - 12th Ave. S.', 'Seattle', 'WA', '98124', 'USA'),
  (11033, 'RICSU', 7, '1998-04-17 00:00:00', '1998-05-15 00:00:00', '1998-04-23 00:00:00', 3, 84.74000, 'Richter Supermarkt', 'Starenweg 5', 'Genève', 'null', '1204', 'Switzerland'),
  (11034, 'OLDWO', 8, '1998-04-20 00:00:00', '1998-06-01 00:00:00', '1998-04-27 00:00:00', 1, 40.32000, 'Old World Delicatessen', '2743 Bering St.', 'Anchorage', 'AK', '99508', 'USA'),
  (11035, 'SUPRD', 2, '1998-04-20 00:00:00', '1998-05-18 00:00:00', '1998-04-24 00:00:00', 2, 0.17000, 'Suprêmes délices', 'Boulevard Tirou, 255', 'Charleroi', 'null', 'B-6000', 'Belgium'),
  (11036, 'DRACD', 8, '1998-04-20 00:00:00', '1998-05-18 00:00:00', '1998-04-22 00:00:00', 3, 149.47000, 'Drachenblut Delikatessen', 'Walserweg 21', 'Aachen', 'null', '52066', 'Germany'),
  (11037, 'GODOS', 7, '1998-04-21 00:00:00', '1998-05-19 00:00:00', '1998-04-27 00:00:00', 1, 3.20000, 'Godos Cocina Típica', 'C/ Romero, 33', 'Sevilla', 'null', '41101', 'Spain'),
  (11038, 'SUPRD', 1, '1998-04-21 00:00:00', '1998-05-19 00:00:00', '1998-04-30 00:00:00', 2, 29.59000, 'Suprêmes délices', 'Boulevard Tirou, 255', 'Charleroi', 'null', 'B-6000', 'Belgium'),
  (11039, 'LINOD', 1, '1998-04-21 00:00:00', '1998-05-19 00:00:00', NULL, 2, 65.00000, 'LINO-Delicateses', 'Ave. 5 de Mayo Porlamar', 'I. de Margarita', 'Nueva Esparta', '4980', 'Venezuela'),
  (11040, 'GREAL', 4, '1998-04-22 00:00:00', '1998-05-20 00:00:00', NULL, 3, 18.84000, 'Great Lakes Food Market', '2732 Baker Blvd.', 'Eugene', 'OR', '97403', 'USA'),
  (11041, 'CHOPS', 3, '1998-04-22 00:00:00', '1998-05-20 00:00:00', '1998-04-28 00:00:00', 2, 48.22000, 'Chop-suey Chinese', 'Hauptstr. 31', 'Bern', 'null', '3012', 'Switzerland'),
  (11042, 'COMMI', 2, '1998-04-22 00:00:00', '1998-05-06 00:00:00', '1998-05-01 00:00:00', 1, 29.99000, 'Comércio Mineiro', 'Av. dos Lusíadas, 23', 'Sao Paulo', 'SP', '05432-043', 'Brazil'),
  (11043, 'SPECD', 5, '1998-04-22 00:00:00', '1998-05-20 00:00:00', '1998-04-29 00:00:00', 2, 8.80000, 'Spécialités du monde', '25, rue Lauriston', 'Paris', 'null', '75016', 'France'),
  (11044, 'WOLZA', 4, '1998-04-23 00:00:00', '1998-05-21 00:00:00', '1998-05-01 00:00:00', 1, 8.72000, 'Wolski Zajazd', 'ul. Filtrowa 68', 'Warszawa', 'null', '01-012', 'Poland'),
  (11045, 'BOTTM', 6, '1998-04-23 00:00:00', '1998-05-21 00:00:00', NULL, 2, 70.58000, 'Bottom-Dollar Markets', '23 Tsawassen Blvd.', 'Tsawassen', 'BC', 'T2F 8M4', 'Canada'),
  (11046, 'WANDK', 8, '1998-04-23 00:00:00', '1998-05-21 00:00:00', '1998-04-24 00:00:00', 2, 71.64000, 'Die Wandernde Kuh', 'Adenauerallee 900', 'Stuttgart', 'null', '70563', 'Germany'),
  (11047, 'EASTC', 7, '1998-04-24 00:00:00', '1998-05-22 00:00:00', '1998-05-01 00:00:00', 3, 46.62000, 'Eastern Connection', '35 King George', 'London', 'null', 'WX3 6FW', 'UK'),
  (11048, 'BOTTM', 7, '1998-04-24 00:00:00', '1998-05-22 00:00:00', '1998-04-30 00:00:00', 3, 24.12000, 'Bottom-Dollar Markets', '23 Tsawassen Blvd.', 'Tsawassen', 'BC', 'T2F 8M4', 'Canada'),
  (11049, 'GOURL', 3, '1998-04-24 00:00:00', '1998-05-22 00:00:00', '1998-05-04 00:00:00', 1, 8.34000, 'Gourmet Lanchonetes', 'Av. Brasil, 442', 'Campinas', 'SP', '04876-786', 'Brazil'),
  (11050, 'FOLKO', 8, '1998-04-27 00:00:00', '1998-05-25 00:00:00', '1998-05-05 00:00:00', 2, 59.41000, 'Folk och fä HB', 'Åkergatan 24', 'Bräcke', 'null', 'S-844 67', 'Sweden'),
  (11051, 'LAMAI', 7, '1998-04-27 00:00:00', '1998-05-25 00:00:00', NULL, 3, 2.79000, 'La maison d\'Asie', '1 rue Alsace-Lorraine', 'Toulouse', 'null', '31000', 'France'),
  (11052, 'HANAR', 3, '1998-04-27 00:00:00', '1998-05-25 00:00:00', '1998-05-01 00:00:00', 1, 67.26000, 'Hanari Carnes', 'Rua do Paço, 67', 'Rio de Janeiro', 'RJ', '05454-876', 'Brazil'),
  (11053, 'PICCO', 2, '1998-04-27 00:00:00', '1998-05-25 00:00:00', '1998-04-29 00:00:00', 2, 53.05000, 'Piccolo und mehr', 'Geislweg 14', 'Salzburg', 'null', '5020', 'Austria'),
  (11054, 'CACTU', 8, '1998-04-28 00:00:00', '1998-05-26 00:00:00', NULL, 1, 0.33000, 'Cactus Comidas para llevar', 'Cerrito 333', 'Buenos Aires', 'null', '1010', 'Argentina'),
  (11055, 'HILAA', 7, '1998-04-28 00:00:00', '1998-05-26 00:00:00', '1998-05-05 00:00:00', 2, 120.92000, 'HILARION-Abastos', 'Carrera 22 con Ave. Carlos Soublette #8-35', 'San Cristóbal', 'Táchira', '5022', 'Venezuela'),
  (11056, 'EASTC', 8, '1998-04-28 00:00:00', '1998-05-12 00:00:00', '1998-05-01 00:00:00', 2, 278.96000, 'Eastern Connection', '35 King George', 'London', 'null', 'WX3 6FW', 'UK'),
  (11057, 'NORTS', 3, '1998-04-29 00:00:00', '1998-05-27 00:00:00', '1998-05-01 00:00:00', 3, 4.13000, 'North/South', 'South House 300 Queensbridge', 'London', 'null', 'SW7 1RZ', 'UK'),
  (11058, 'BLAUS', 9, '1998-04-29 00:00:00', '1998-05-27 00:00:00', NULL, 3, 31.14000, 'Blauer See Delikatessen', 'Forsterstr. 57', 'Mannheim', 'null', '68306', 'Germany'),
  (11059, 'RICAR', 2, '1998-04-29 00:00:00', '1998-06-10 00:00:00', NULL, 2, 85.80000, 'Ricardo Adocicados', 'Av. Copacabana, 267', 'Rio de Janeiro', 'RJ', '02389-890', 'Brazil'),
  (11060, 'FRANS', 2, '1998-04-30 00:00:00', '1998-05-28 00:00:00', '1998-05-04 00:00:00', 2, 10.98000, 'Franchi S.p.A.', 'Via Monte Bianco 34', 'Torino', 'null', '10100', 'Italy'),
  (11061, 'GREAL', 4, '1998-04-30 00:00:00', '1998-06-11 00:00:00', NULL, 3, 14.01000, 'Great Lakes Food Market', '2732 Baker Blvd.', 'Eugene', 'OR', '97403', 'USA'),
  (11062, 'REGGC', 4, '1998-04-30 00:00:00', '1998-05-28 00:00:00', NULL, 2, 29.93000, 'Reggiani Caseifici', 'Strada Provinciale 124', 'Reggio Emilia', 'null', '42100', 'Italy'),
  (11063, 'HUNGO', 3, '1998-04-30 00:00:00', '1998-05-28 00:00:00', '1998-05-06 00:00:00', 2, 81.73000, 'Hungry Owl All-Night Grocers', '8 Johnstown Road', 'Cork', 'Co. Cork', 'null', 'Ireland'),
  (11064, 'SAVEA', 1, '1998-05-01 00:00:00', '1998-05-29 00:00:00', '1998-05-04 00:00:00', 1, 30.09000, 'Save-a-lot Markets', '187 Suffolk Ln.', 'Boise', 'ID', '83720', 'USA'),
  (11065, 'LILAS', 8, '1998-05-01 00:00:00', '1998-05-29 00:00:00', NULL, 1, 12.91000, 'LILA-Supermercado', 'Carrera 52 con Ave. Bolívar #65-98 Llano Largo', 'Barquisimeto', 'Lara', '3508', 'Venezuela'),
  (11066, 'WHITC', 7, '1998-05-01 00:00:00', '1998-05-29 00:00:00', '1998-05-04 00:00:00', 2, 44.72000, 'White Clover Markets', '1029 - 12th Ave. S.', 'Seattle', 'WA', '98124', 'USA'),
  (11067, 'DRACD', 1, '1998-05-04 00:00:00', '1998-05-18 00:00:00', '1998-05-06 00:00:00', 2, 7.98000, 'Drachenblut Delikatessen', 'Walserweg 21', 'Aachen', 'null', '52066', 'Germany'),
  (11068, 'QUEEN', 8, '1998-05-04 00:00:00', '1998-06-01 00:00:00', NULL, 2, 81.75000, 'Queen Cozinha', 'Alameda dos Canàrios, 891', 'Sao Paulo', 'SP', '05487-020', 'Brazil'),
  (11069, 'TORTU', 1, '1998-05-04 00:00:00', '1998-06-01 00:00:00', '1998-05-06 00:00:00', 2, 15.67000, 'Tortuga Restaurante', 'Avda. Azteca 123', 'México D.F.', 'null', '05033', 'Mexico'),
  (11070, 'LEHMS', 2, '1998-05-05 00:00:00', '1998-06-02 00:00:00', NULL, 1, 136.00000, 'Lehmanns Marktstand', 'Magazinweg 7', 'Frankfurt a.M.', 'null', '60528', 'Germany'),
  (11071, 'LILAS', 1, '1998-05-05 00:00:00', '1998-06-02 00:00:00', NULL, 1, 0.93000, 'LILA-Supermercado', 'Carrera 52 con Ave. Bolívar #65-98 Llano Largo', 'Barquisimeto', 'Lara', '3508', 'Venezuela'),
  (11072, 'ERNSH', 4, '1998-05-05 00:00:00', '1998-06-02 00:00:00', NULL, 2, 258.64000, 'Ernst Handel', 'Kirchgasse 6', 'Graz', 'null', '8010', 'Austria'),
  (11073, 'PERIC', 2, '1998-05-05 00:00:00', '1998-06-02 00:00:00', NULL, 2, 24.95000, 'Pericles Comidas clásicas', 'Calle Dr. Jorge Cash 321', 'México D.F.', 'null', '05033', 'Mexico'),
  (11074, 'SIMOB', 7, '1998-05-06 00:00:00', '1998-06-03 00:00:00', NULL, 2, 18.44000, 'Simons bistro', 'Vinbæltet 34', 'Kobenhavn', 'null', '1734', 'Denmark'),
  (11075, 'RICSU', 8, '1998-05-06 00:00:00', '1998-06-03 00:00:00', NULL, 2, 6.19000, 'Richter Supermarkt', 'Starenweg 5', 'Genève', 'null', '1204', 'Switzerland'),
  (11076, 'BONAP', 4, '1998-05-06 00:00:00', '1998-06-03 00:00:00', NULL, 2, 38.28000, 'Bon app\'', '12, rue des Bouchers', 'Marseille', 'null', '13008', 'France'),
  (11077, 'RATTC', 1, '1998-05-06 00:00:00', '1998-06-03 00:00:00', NULL, 2, 8.53000, 'Rattlesnake Canyon Grocery', '2817 Milton Dr.', 'Albuquerque', 'NM', '87110', 'USA');

INSERT INTO `SimplySmile_dbo`.`Mammal`(`Animal`, `Pregnant`, `BirthDate`)
VALUES (4, 0, '1980-07-11 00:00:00'),
  (5, 0, '1980-12-13 00:00:00'),
  (6, 1, NULL);

INSERT INTO `SimplySmile_dbo`.`Roles`(`Id`, `Name`, `IsActive`, `EntityId`, `ParentId`)
VALUES (1, 'Admin', 1, 1, NULL),
  (2, 'User', 0, NULL, NULL);

INSERT INTO `SimplySmile_dbo`.`Reptile`(`Animal`, `BodyTemperature`)
VALUES (2, 14.0),
  (3, 18.0);

INSERT INTO `SimplySmile_dbo`.`Patients`(`PatientId`, `Active`, `PhysicianId`)
VALUES (1, 0, 1),
  (2, 1, 2);

INSERT INTO `SimplySmile_dbo`.`PatientRecords`(`PatientRecordId`, `Gender`, `BirthDate`, `FirstName`, `LastName`, `AddressLine1`, `AddressLine2`, `City`, `StateId`, `ZipCode`, `PatientId`)
VALUES (1, 1, '1930-01-01 00:00:00', 'Bob', 'Barker', '123 Main St', NULL, 'New York', 1, '10001', 1),
  (2, 1, '1969-01-01 00:00:00', 'John', 'Doe', '123 Main St', NULL, 'Tampa', 2, '33602', 2),
  (3, 0, '1969-01-01 00:00:00', 'John', 'Doe', '123 Main St', 'Apt 2', 'Tampa', 2, '33602', 2);

INSERT INTO `SimplySmile_dbo`.`Lizard`(`Reptile`)
VALUES (2),
  (3);

INSERT INTO `SimplySmile_dbo`.`Dog`(`Mammal`)
VALUES (4),
  (5);

INSERT INTO `SimplySmile_dbo`.`Cat`(`Mammal`)
VALUES (6);

INSERT INTO `SimplySmile_dbo`.`OrderLines`(`OrderLineId`, `OrderId`, `ProductId`, `UnitPrice`, `Quantity`, `Discount`)
VALUES (1, 10248, 11, 14.00000, 12, 0.00000),
  (2, 10248, 42, 9.80000, 10, 0.00000),
  (3, 10248, 72, 34.80000, 5, 0.00000),
  (4, 10249, 14, 18.60000, 9, 0.00000),
  (5, 10249, 51, 42.40000, 40, 0.00000),
  (6, 10250, 41, 7.70000, 10, 0.00000),
  (7, 10250, 51, 42.40000, 35, 0.15000),
  (8, 10250, 65, 16.80000, 15, 0.15000),
  (9, 10251, 22, 16.80000, 6, 0.05000),
  (10, 10251, 57, 15.60000, 15, 0.05000),
  (11, 10251, 65, 16.80000, 20, 0.00000),
  (12, 10252, 20, 64.80000, 40, 0.05000),
  (13, 10252, 33, 2.00000, 25, 0.05000),
  (14, 10252, 60, 27.20000, 40, 0.00000),
  (15, 10253, 31, 10.00000, 20, 0.00000),
  (16, 10253, 39, 14.40000, 42, 0.00000),
  (17, 10253, 49, 16.00000, 40, 0.00000),
  (18, 10254, 24, 3.60000, 15, 0.15000),
  (19, 10254, 55, 19.20000, 21, 0.15000),
  (20, 10254, 74, 8.00000, 21, 0.00000),
  (21, 10255, 2, 15.20000, 20, 0.00000),
  (22, 10255, 16, 13.90000, 35, 0.00000),
  (23, 10255, 36, 15.20000, 25, 0.00000),
  (24, 10255, 59, 44.00000, 30, 0.00000),
  (25, 10256, 53, 26.20000, 15, 0.00000),
  (26, 10256, 77, 10.40000, 12, 0.00000),
  (27, 10257, 27, 35.10000, 25, 0.00000),
  (28, 10257, 39, 14.40000, 6, 0.00000),
  (29, 10257, 77, 10.40000, 15, 0.00000),
  (30, 10258, 2, 15.20000, 50, 0.20000),
  (31, 10258, 5, 17.00000, 65, 0.20000),
  (32, 10258, 32, 25.60000, 6, 0.20000),
  (33, 10259, 21, 8.00000, 10, 0.00000),
  (34, 10259, 37, 20.80000, 1, 0.00000),
  (35, 10260, 41, 7.70000, 16, 0.25000),
  (36, 10260, 57, 15.60000, 50, 0.00000),
  (37, 10260, 62, 39.40000, 15, 0.25000),
  (38, 10260, 70, 12.00000, 21, 0.25000),
  (39, 10261, 21, 8.00000, 20, 0.00000),
  (40, 10261, 35, 14.40000, 20, 0.00000),
  (41, 10262, 5, 17.00000, 12, 0.20000),
  (42, 10262, 7, 24.00000, 15, 0.00000),
  (43, 10262, 56, 30.40000, 2, 0.00000),
  (44, 10263, 16, 13.90000, 60, 0.25000),
  (45, 10263, 24, 3.60000, 28, 0.00000),
  (46, 10263, 30, 20.70000, 60, 0.25000),
  (47, 10263, 74, 8.00000, 36, 0.25000),
  (48, 10264, 2, 15.20000, 35, 0.00000),
  (49, 10264, 41, 7.70000, 25, 0.15000),
  (50, 10265, 17, 31.20000, 30, 0.00000),
  (51, 10265, 70, 12.00000, 20, 0.00000),
  (52, 10266, 12, 30.40000, 12, 0.05000),
  (53, 10267, 40, 14.70000, 50, 0.00000),
  (54, 10267, 59, 44.00000, 70, 0.15000),
  (55, 10267, 76, 14.40000, 15, 0.15000),
  (56, 10268, 29, 99.00000, 10, 0.00000),
  (57, 10268, 72, 27.80000, 4, 0.00000),
  (58, 10269, 33, 2.00000, 60, 0.05000),
  (59, 10269, 72, 27.80000, 20, 0.05000),
  (60, 10270, 36, 15.20000, 30, 0.00000),
  (61, 10270, 43, 36.80000, 25, 0.00000),
  (62, 10271, 33, 2.00000, 24, 0.00000),
  (63, 10272, 20, 64.80000, 6, 0.00000),
  (64, 10272, 31, 10.00000, 40, 0.00000),
  (65, 10272, 72, 27.80000, 24, 0.00000),
  (66, 10273, 10, 24.80000, 24, 0.05000),
  (67, 10273, 31, 10.00000, 15, 0.05000),
  (68, 10273, 33, 2.00000, 20, 0.00000),
  (69, 10273, 40, 14.70000, 60, 0.05000),
  (70, 10273, 76, 14.40000, 33, 0.05000),
  (71, 10274, 71, 17.20000, 20, 0.00000),
  (72, 10274, 72, 27.80000, 7, 0.00000),
  (73, 10275, 24, 3.60000, 12, 0.05000),
  (74, 10275, 59, 44.00000, 6, 0.05000),
  (75, 10276, 10, 24.80000, 15, 0.00000),
  (76, 10276, 13, 4.80000, 10, 0.00000),
  (77, 10277, 28, 36.40000, 20, 0.00000),
  (78, 10277, 62, 39.40000, 12, 0.00000),
  (79, 10278, 44, 15.50000, 16, 0.00000),
  (80, 10278, 59, 44.00000, 15, 0.00000),
  (81, 10278, 63, 35.10000, 8, 0.00000),
  (82, 10278, 73, 12.00000, 25, 0.00000),
  (83, 10279, 17, 31.20000, 15, 0.25000),
  (84, 10280, 24, 3.60000, 12, 0.00000),
  (85, 10280, 55, 19.20000, 20, 0.00000),
  (86, 10280, 75, 6.20000, 30, 0.00000),
  (87, 10281, 19, 7.30000, 1, 0.00000),
  (88, 10281, 24, 3.60000, 6, 0.00000),
  (89, 10281, 35, 14.40000, 4, 0.00000),
  (90, 10282, 30, 20.70000, 6, 0.00000),
  (91, 10282, 57, 15.60000, 2, 0.00000),
  (92, 10283, 15, 12.40000, 20, 0.00000),
  (93, 10283, 19, 7.30000, 18, 0.00000),
  (94, 10283, 60, 27.20000, 35, 0.00000),
  (95, 10283, 72, 27.80000, 3, 0.00000),
  (96, 10284, 27, 35.10000, 15, 0.25000),
  (97, 10284, 44, 15.50000, 21, 0.00000),
  (98, 10284, 60, 27.20000, 20, 0.25000),
  (99, 10284, 67, 11.20000, 5, 0.25000),
  (100, 10285, 1, 14.40000, 45, 0.20000),
  (101, 10285, 40, 14.70000, 40, 0.20000),
  (102, 10285, 53, 26.20000, 36, 0.20000),
  (103, 10286, 35, 14.40000, 100, 0.00000),
  (104, 10286, 62, 39.40000, 40, 0.00000),
  (105, 10287, 16, 13.90000, 40, 0.15000),
  (106, 10287, 34, 11.20000, 20, 0.00000),
  (107, 10287, 46, 9.60000, 15, 0.15000),
  (108, 10288, 54, 5.90000, 10, 0.10000),
  (109, 10288, 68, 10.00000, 3, 0.10000),
  (110, 10289, 3, 8.00000, 30, 0.00000),
  (111, 10289, 64, 26.60000, 9, 0.00000),
  (112, 10290, 5, 17.00000, 20, 0.00000),
  (113, 10290, 29, 99.00000, 15, 0.00000),
  (114, 10290, 49, 16.00000, 15, 0.00000),
  (115, 10290, 77, 10.40000, 10, 0.00000),
  (116, 10291, 13, 4.80000, 20, 0.10000),
  (117, 10291, 44, 15.50000, 24, 0.10000),
  (118, 10291, 51, 42.40000, 2, 0.10000),
  (119, 10292, 20, 64.80000, 20, 0.00000),
  (120, 10293, 18, 50.00000, 12, 0.00000),
  (121, 10293, 24, 3.60000, 10, 0.00000),
  (122, 10293, 63, 35.10000, 5, 0.00000),
  (123, 10293, 75, 6.20000, 6, 0.00000),
  (124, 10294, 1, 14.40000, 18, 0.00000),
  (125, 10294, 17, 31.20000, 15, 0.00000),
  (126, 10294, 43, 36.80000, 15, 0.00000),
  (127, 10294, 60, 27.20000, 21, 0.00000),
  (128, 10294, 75, 6.20000, 6, 0.00000),
  (129, 10295, 56, 30.40000, 4, 0.00000),
  (130, 10296, 11, 16.80000, 12, 0.00000),
  (131, 10296, 16, 13.90000, 30, 0.00000),
  (132, 10296, 69, 28.80000, 15, 0.00000),
  (133, 10297, 39, 14.40000, 60, 0.00000),
  (134, 10297, 72, 27.80000, 20, 0.00000),
  (135, 10298, 2, 15.20000, 40, 0.00000),
  (136, 10298, 36, 15.20000, 40, 0.25000),
  (137, 10298, 59, 44.00000, 30, 0.25000),
  (138, 10298, 62, 39.40000, 15, 0.00000),
  (139, 10299, 19, 7.30000, 15, 0.00000),
  (140, 10299, 70, 12.00000, 20, 0.00000),
  (141, 10300, 66, 13.60000, 30, 0.00000),
  (142, 10300, 68, 10.00000, 20, 0.00000),
  (143, 10301, 40, 14.70000, 10, 0.00000),
  (144, 10301, 56, 30.40000, 20, 0.00000),
  (145, 10302, 17, 31.20000, 40, 0.00000),
  (146, 10302, 28, 36.40000, 28, 0.00000),
  (147, 10302, 43, 36.80000, 12, 0.00000),
  (148, 10303, 40, 14.70000, 40, 0.10000),
  (149, 10303, 65, 16.80000, 30, 0.10000),
  (150, 10303, 68, 10.00000, 15, 0.10000),
  (151, 10304, 49, 16.00000, 30, 0.00000),
  (152, 10304, 59, 44.00000, 10, 0.00000),
  (153, 10304, 71, 17.20000, 2, 0.00000),
  (154, 10305, 18, 50.00000, 25, 0.10000),
  (155, 10305, 29, 99.00000, 25, 0.10000),
  (156, 10305, 39, 14.40000, 30, 0.10000),
  (157, 10306, 30, 20.70000, 10, 0.00000),
  (158, 10306, 53, 26.20000, 10, 0.00000),
  (159, 10306, 54, 5.90000, 5, 0.00000),
  (160, 10307, 62, 39.40000, 10, 0.00000),
  (161, 10307, 68, 10.00000, 3, 0.00000),
  (162, 10308, 69, 28.80000, 1, 0.00000),
  (163, 10308, 70, 12.00000, 5, 0.00000),
  (164, 10309, 4, 17.60000, 20, 0.00000),
  (165, 10309, 6, 20.00000, 30, 0.00000),
  (166, 10309, 42, 11.20000, 2, 0.00000),
  (167, 10309, 43, 36.80000, 20, 0.00000),
  (168, 10309, 71, 17.20000, 3, 0.00000),
  (169, 10310, 16, 13.90000, 10, 0.00000),
  (170, 10310, 62, 39.40000, 5, 0.00000),
  (171, 10311, 42, 11.20000, 6, 0.00000),
  (172, 10311, 69, 28.80000, 7, 0.00000),
  (173, 10312, 28, 36.40000, 4, 0.00000),
  (174, 10312, 43, 36.80000, 24, 0.00000),
  (175, 10312, 53, 26.20000, 20, 0.00000),
  (176, 10312, 75, 6.20000, 10, 0.00000),
  (177, 10313, 36, 15.20000, 12, 0.00000),
  (178, 10314, 32, 25.60000, 40, 0.10000),
  (179, 10314, 58, 10.60000, 30, 0.10000),
  (180, 10314, 62, 39.40000, 25, 0.10000),
  (181, 10315, 34, 11.20000, 14, 0.00000),
  (182, 10315, 70, 12.00000, 30, 0.00000),
  (183, 10316, 41, 7.70000, 10, 0.00000),
  (184, 10316, 62, 39.40000, 70, 0.00000),
  (185, 10317, 1, 14.40000, 20, 0.00000),
  (186, 10318, 41, 7.70000, 20, 0.00000),
  (187, 10318, 76, 14.40000, 6, 0.00000),
  (188, 10319, 17, 31.20000, 8, 0.00000),
  (189, 10319, 28, 36.40000, 14, 0.00000),
  (190, 10319, 76, 14.40000, 30, 0.00000),
  (191, 10320, 71, 17.20000, 30, 0.00000),
  (192, 10321, 35, 14.40000, 10, 0.00000),
  (193, 10322, 52, 5.60000, 20, 0.00000),
  (194, 10323, 15, 12.40000, 5, 0.00000),
  (195, 10323, 25, 11.20000, 4, 0.00000),
  (196, 10323, 39, 14.40000, 4, 0.00000),
  (197, 10324, 16, 13.90000, 21, 0.15000),
  (198, 10324, 35, 14.40000, 70, 0.15000),
  (199, 10324, 46, 9.60000, 30, 0.00000),
  (200, 10324, 59, 44.00000, 40, 0.15000),
  (201, 10324, 63, 35.10000, 80, 0.15000),
  (202, 10325, 6, 20.00000, 6, 0.00000),
  (203, 10325, 13, 4.80000, 12, 0.00000),
  (204, 10325, 14, 18.60000, 9, 0.00000),
  (205, 10325, 31, 10.00000, 4, 0.00000),
  (206, 10325, 72, 27.80000, 40, 0.00000),
  (207, 10326, 4, 17.60000, 24, 0.00000),
  (208, 10326, 57, 15.60000, 16, 0.00000),
  (209, 10326, 75, 6.20000, 50, 0.00000),
  (210, 10327, 2, 15.20000, 25, 0.20000),
  (211, 10327, 11, 16.80000, 50, 0.20000),
  (212, 10327, 30, 20.70000, 35, 0.20000),
  (213, 10327, 58, 10.60000, 30, 0.20000),
  (214, 10328, 59, 44.00000, 9, 0.00000),
  (215, 10328, 65, 16.80000, 40, 0.00000),
  (216, 10328, 68, 10.00000, 10, 0.00000),
  (217, 10329, 19, 7.30000, 10, 0.05000),
  (218, 10329, 30, 20.70000, 8, 0.05000),
  (219, 10329, 38, 210.80000, 20, 0.05000),
  (220, 10329, 56, 30.40000, 12, 0.05000),
  (221, 10330, 26, 24.90000, 50, 0.15000),
  (222, 10330, 72, 27.80000, 25, 0.15000),
  (223, 10331, 54, 5.90000, 15, 0.00000),
  (224, 10332, 18, 50.00000, 40, 0.20000),
  (225, 10332, 42, 11.20000, 10, 0.20000),
  (226, 10332, 47, 7.60000, 16, 0.20000),
  (227, 10333, 14, 18.60000, 10, 0.00000),
  (228, 10333, 21, 8.00000, 10, 0.10000),
  (229, 10333, 71, 17.20000, 40, 0.10000),
  (230, 10334, 52, 5.60000, 8, 0.00000),
  (231, 10334, 68, 10.00000, 10, 0.00000),
  (232, 10335, 2, 15.20000, 7, 0.20000),
  (233, 10335, 31, 10.00000, 25, 0.20000),
  (234, 10335, 32, 25.60000, 6, 0.20000),
  (235, 10335, 51, 42.40000, 48, 0.20000),
  (236, 10336, 4, 17.60000, 18, 0.10000),
  (237, 10337, 23, 7.20000, 40, 0.00000),
  (238, 10337, 26, 24.90000, 24, 0.00000),
  (239, 10337, 36, 15.20000, 20, 0.00000),
  (240, 10337, 37, 20.80000, 28, 0.00000),
  (241, 10337, 72, 27.80000, 25, 0.00000),
  (242, 10338, 17, 31.20000, 20, 0.00000),
  (243, 10338, 30, 20.70000, 15, 0.00000),
  (244, 10339, 4, 17.60000, 10, 0.00000),
  (245, 10339, 17, 31.20000, 70, 0.05000),
  (246, 10339, 62, 39.40000, 28, 0.00000),
  (247, 10340, 18, 50.00000, 20, 0.05000),
  (248, 10340, 41, 7.70000, 12, 0.05000),
  (249, 10340, 43, 36.80000, 40, 0.05000),
  (250, 10341, 33, 2.00000, 8, 0.00000),
  (251, 10341, 59, 44.00000, 9, 0.15000),
  (252, 10342, 2, 15.20000, 24, 0.20000),
  (253, 10342, 31, 10.00000, 56, 0.20000),
  (254, 10342, 36, 15.20000, 40, 0.20000),
  (255, 10342, 55, 19.20000, 40, 0.20000),
  (256, 10343, 64, 26.60000, 50, 0.00000),
  (257, 10343, 68, 10.00000, 4, 0.05000),
  (258, 10343, 76, 14.40000, 15, 0.00000),
  (259, 10344, 4, 17.60000, 35, 0.00000),
  (260, 10344, 8, 32.00000, 70, 0.25000),
  (261, 10345, 8, 32.00000, 70, 0.00000),
  (262, 10345, 19, 7.30000, 80, 0.00000),
  (263, 10345, 42, 11.20000, 9, 0.00000),
  (264, 10346, 17, 31.20000, 36, 0.10000),
  (265, 10346, 56, 30.40000, 20, 0.00000),
  (266, 10347, 25, 11.20000, 10, 0.00000),
  (267, 10347, 39, 14.40000, 50, 0.15000),
  (268, 10347, 40, 14.70000, 4, 0.00000),
  (269, 10347, 75, 6.20000, 6, 0.15000),
  (270, 10348, 1, 14.40000, 15, 0.15000),
  (271, 10348, 23, 7.20000, 25, 0.00000),
  (272, 10349, 54, 5.90000, 24, 0.00000),
  (273, 10350, 50, 13.00000, 15, 0.10000),
  (274, 10350, 69, 28.80000, 18, 0.10000),
  (275, 10351, 38, 210.80000, 20, 0.05000),
  (276, 10351, 41, 7.70000, 13, 0.00000),
  (277, 10351, 44, 15.50000, 77, 0.05000),
  (278, 10351, 65, 16.80000, 10, 0.05000),
  (279, 10352, 24, 3.60000, 10, 0.00000),
  (280, 10352, 54, 5.90000, 20, 0.15000),
  (281, 10353, 11, 16.80000, 12, 0.20000),
  (282, 10353, 38, 210.80000, 50, 0.20000),
  (283, 10354, 1, 14.40000, 12, 0.00000),
  (284, 10354, 29, 99.00000, 4, 0.00000),
  (285, 10355, 24, 3.60000, 25, 0.00000),
  (286, 10355, 57, 15.60000, 25, 0.00000),
  (287, 10356, 31, 10.00000, 30, 0.00000),
  (288, 10356, 55, 19.20000, 12, 0.00000),
  (289, 10356, 69, 28.80000, 20, 0.00000),
  (290, 10357, 10, 24.80000, 30, 0.20000),
  (291, 10357, 26, 24.90000, 16, 0.00000),
  (292, 10357, 60, 27.20000, 8, 0.20000),
  (293, 10358, 24, 3.60000, 10, 0.05000),
  (294, 10358, 34, 11.20000, 10, 0.05000),
  (295, 10358, 36, 15.20000, 20, 0.05000),
  (296, 10359, 16, 13.90000, 56, 0.05000),
  (297, 10359, 31, 10.00000, 70, 0.05000),
  (298, 10359, 60, 27.20000, 80, 0.05000),
  (299, 10360, 28, 36.40000, 30, 0.00000),
  (300, 10360, 29, 99.00000, 35, 0.00000),
  (301, 10360, 38, 210.80000, 10, 0.00000),
  (302, 10360, 49, 16.00000, 35, 0.00000),
  (303, 10360, 54, 5.90000, 28, 0.00000),
  (304, 10361, 39, 14.40000, 54, 0.10000),
  (305, 10361, 60, 27.20000, 55, 0.10000),
  (306, 10362, 25, 11.20000, 50, 0.00000),
  (307, 10362, 51, 42.40000, 20, 0.00000),
  (308, 10362, 54, 5.90000, 24, 0.00000),
  (309, 10363, 31, 10.00000, 20, 0.00000),
  (310, 10363, 75, 6.20000, 12, 0.00000),
  (311, 10363, 76, 14.40000, 12, 0.00000),
  (312, 10364, 69, 28.80000, 30, 0.00000),
  (313, 10364, 71, 17.20000, 5, 0.00000),
  (314, 10365, 11, 16.80000, 24, 0.00000),
  (315, 10366, 65, 16.80000, 5, 0.00000),
  (316, 10366, 77, 10.40000, 5, 0.00000),
  (317, 10367, 34, 11.20000, 36, 0.00000),
  (318, 10367, 54, 5.90000, 18, 0.00000),
  (319, 10367, 65, 16.80000, 15, 0.00000),
  (320, 10367, 77, 10.40000, 7, 0.00000),
  (321, 10368, 21, 8.00000, 5, 0.10000),
  (322, 10368, 28, 36.40000, 13, 0.10000),
  (323, 10368, 57, 15.60000, 25, 0.00000),
  (324, 10368, 64, 26.60000, 35, 0.10000),
  (325, 10369, 29, 99.00000, 20, 0.00000),
  (326, 10369, 56, 30.40000, 18, 0.25000),
  (327, 10370, 1, 14.40000, 15, 0.15000),
  (328, 10370, 64, 26.60000, 30, 0.00000),
  (329, 10370, 74, 8.00000, 20, 0.15000),
  (330, 10371, 36, 15.20000, 6, 0.20000),
  (331, 10372, 20, 64.80000, 12, 0.25000),
  (332, 10372, 38, 210.80000, 40, 0.25000),
  (333, 10372, 60, 27.20000, 70, 0.25000),
  (334, 10372, 72, 27.80000, 42, 0.25000),
  (335, 10373, 58, 10.60000, 80, 0.20000),
  (336, 10373, 71, 17.20000, 50, 0.20000),
  (337, 10374, 31, 10.00000, 30, 0.00000),
  (338, 10374, 58, 10.60000, 15, 0.00000),
  (339, 10375, 14, 18.60000, 15, 0.00000),
  (340, 10375, 54, 5.90000, 10, 0.00000),
  (341, 10376, 31, 10.00000, 42, 0.05000),
  (342, 10377, 28, 36.40000, 20, 0.15000),
  (343, 10377, 39, 14.40000, 20, 0.15000),
  (344, 10378, 71, 17.20000, 6, 0.00000),
  (345, 10379, 41, 7.70000, 8, 0.10000),
  (346, 10379, 63, 35.10000, 16, 0.10000),
  (347, 10379, 65, 16.80000, 20, 0.10000),
  (348, 10380, 30, 20.70000, 18, 0.10000),
  (349, 10380, 53, 26.20000, 20, 0.10000),
  (350, 10380, 60, 27.20000, 6, 0.10000),
  (351, 10380, 70, 12.00000, 30, 0.00000),
  (352, 10381, 74, 8.00000, 14, 0.00000),
  (353, 10382, 5, 17.00000, 32, 0.00000),
  (354, 10382, 18, 50.00000, 9, 0.00000),
  (355, 10382, 29, 99.00000, 14, 0.00000),
  (356, 10382, 33, 2.00000, 60, 0.00000),
  (357, 10382, 74, 8.00000, 50, 0.00000),
  (358, 10383, 13, 4.80000, 20, 0.00000),
  (359, 10383, 50, 13.00000, 15, 0.00000),
  (360, 10383, 56, 30.40000, 20, 0.00000),
  (361, 10384, 20, 64.80000, 28, 0.00000),
  (362, 10384, 60, 27.20000, 15, 0.00000),
  (363, 10385, 7, 24.00000, 10, 0.20000),
  (364, 10385, 60, 27.20000, 20, 0.20000),
  (365, 10385, 68, 10.00000, 8, 0.20000),
  (366, 10386, 24, 3.60000, 15, 0.00000),
  (367, 10386, 34, 11.20000, 10, 0.00000),
  (368, 10387, 24, 3.60000, 15, 0.00000),
  (369, 10387, 28, 36.40000, 6, 0.00000),
  (370, 10387, 59, 44.00000, 12, 0.00000),
  (371, 10387, 71, 17.20000, 15, 0.00000),
  (372, 10388, 45, 7.60000, 15, 0.20000),
  (373, 10388, 52, 5.60000, 20, 0.20000),
  (374, 10388, 53, 26.20000, 40, 0.00000),
  (375, 10389, 10, 24.80000, 16, 0.00000),
  (376, 10389, 55, 19.20000, 15, 0.00000),
  (377, 10389, 62, 39.40000, 20, 0.00000),
  (378, 10389, 70, 12.00000, 30, 0.00000),
  (379, 10390, 31, 10.00000, 60, 0.10000),
  (380, 10390, 35, 14.40000, 40, 0.10000),
  (381, 10390, 46, 9.60000, 45, 0.00000),
  (382, 10390, 72, 27.80000, 24, 0.10000),
  (383, 10391, 13, 4.80000, 18, 0.00000),
  (384, 10392, 69, 28.80000, 50, 0.00000),
  (385, 10393, 2, 15.20000, 25, 0.25000),
  (386, 10393, 14, 18.60000, 42, 0.25000),
  (387, 10393, 25, 11.20000, 7, 0.25000),
  (388, 10393, 26, 24.90000, 70, 0.25000),
  (389, 10393, 31, 10.00000, 32, 0.00000),
  (390, 10394, 13, 4.80000, 10, 0.00000),
  (391, 10394, 62, 39.40000, 10, 0.00000),
  (392, 10395, 46, 9.60000, 28, 0.10000),
  (393, 10395, 53, 26.20000, 70, 0.10000),
  (394, 10395, 69, 28.80000, 8, 0.00000),
  (395, 10396, 23, 7.20000, 40, 0.00000),
  (396, 10396, 71, 17.20000, 60, 0.00000),
  (397, 10396, 72, 27.80000, 21, 0.00000),
  (398, 10397, 21, 8.00000, 10, 0.15000),
  (399, 10397, 51, 42.40000, 18, 0.15000),
  (400, 10398, 35, 14.40000, 30, 0.00000),
  (401, 10398, 55, 19.20000, 120, 0.10000),
  (402, 10399, 68, 10.00000, 60, 0.00000),
  (403, 10399, 71, 17.20000, 30, 0.00000),
  (404, 10399, 76, 14.40000, 35, 0.00000),
  (405, 10399, 77, 10.40000, 14, 0.00000),
  (406, 10400, 29, 99.00000, 21, 0.00000),
  (407, 10400, 35, 14.40000, 35, 0.00000),
  (408, 10400, 49, 16.00000, 30, 0.00000),
  (409, 10401, 30, 20.70000, 18, 0.00000),
  (410, 10401, 56, 30.40000, 70, 0.00000),
  (411, 10401, 65, 16.80000, 20, 0.00000),
  (412, 10401, 71, 17.20000, 60, 0.00000),
  (413, 10402, 23, 7.20000, 60, 0.00000),
  (414, 10402, 63, 35.10000, 65, 0.00000),
  (415, 10403, 16, 13.90000, 21, 0.15000),
  (416, 10403, 48, 10.20000, 70, 0.15000),
  (417, 10404, 26, 24.90000, 30, 0.05000),
  (418, 10404, 42, 11.20000, 40, 0.05000),
  (419, 10404, 49, 16.00000, 30, 0.05000),
  (420, 10405, 3, 8.00000, 50, 0.00000),
  (421, 10406, 1, 14.40000, 10, 0.00000),
  (422, 10406, 21, 8.00000, 30, 0.10000),
  (423, 10406, 28, 36.40000, 42, 0.10000),
  (424, 10406, 36, 15.20000, 5, 0.10000),
  (425, 10406, 40, 14.70000, 2, 0.10000),
  (426, 10407, 11, 16.80000, 30, 0.00000),
  (427, 10407, 69, 28.80000, 15, 0.00000),
  (428, 10407, 71, 17.20000, 15, 0.00000),
  (429, 10408, 37, 20.80000, 10, 0.00000),
  (430, 10408, 54, 5.90000, 6, 0.00000),
  (431, 10408, 62, 39.40000, 35, 0.00000),
  (432, 10409, 14, 18.60000, 12, 0.00000),
  (433, 10409, 21, 8.00000, 12, 0.00000),
  (434, 10410, 33, 2.00000, 49, 0.00000),
  (435, 10410, 59, 44.00000, 16, 0.00000),
  (436, 10411, 41, 7.70000, 25, 0.20000),
  (437, 10411, 44, 15.50000, 40, 0.20000),
  (438, 10411, 59, 44.00000, 9, 0.20000),
  (439, 10412, 14, 18.60000, 20, 0.10000),
  (440, 10413, 1, 14.40000, 24, 0.00000),
  (441, 10413, 62, 39.40000, 40, 0.00000),
  (442, 10413, 76, 14.40000, 14, 0.00000),
  (443, 10414, 19, 7.30000, 18, 0.05000),
  (444, 10414, 33, 2.00000, 50, 0.00000),
  (445, 10415, 17, 31.20000, 2, 0.00000),
  (446, 10415, 33, 2.00000, 20, 0.00000),
  (447, 10416, 19, 7.30000, 20, 0.00000),
  (448, 10416, 53, 26.20000, 10, 0.00000),
  (449, 10416, 57, 15.60000, 20, 0.00000),
  (450, 10417, 38, 210.80000, 50, 0.00000),
  (451, 10417, 46, 9.60000, 2, 0.25000),
  (452, 10417, 68, 10.00000, 36, 0.25000),
  (453, 10417, 77, 10.40000, 35, 0.00000),
  (454, 10418, 2, 15.20000, 60, 0.00000),
  (455, 10418, 47, 7.60000, 55, 0.00000),
  (456, 10418, 61, 22.80000, 16, 0.00000),
  (457, 10418, 74, 8.00000, 15, 0.00000),
  (458, 10419, 60, 27.20000, 60, 0.05000),
  (459, 10419, 69, 28.80000, 20, 0.05000),
  (460, 10420, 9, 77.60000, 20, 0.10000),
  (461, 10420, 13, 4.80000, 2, 0.10000),
  (462, 10420, 70, 12.00000, 8, 0.10000),
  (463, 10420, 73, 12.00000, 20, 0.10000),
  (464, 10421, 19, 7.30000, 4, 0.15000),
  (465, 10421, 26, 24.90000, 30, 0.00000),
  (466, 10421, 53, 26.20000, 15, 0.15000),
  (467, 10421, 77, 10.40000, 10, 0.15000),
  (468, 10422, 26, 24.90000, 2, 0.00000),
  (469, 10423, 31, 10.00000, 14, 0.00000),
  (470, 10423, 59, 44.00000, 20, 0.00000),
  (471, 10424, 35, 14.40000, 60, 0.20000),
  (472, 10424, 38, 210.80000, 49, 0.20000),
  (473, 10424, 68, 10.00000, 30, 0.20000),
  (474, 10425, 55, 19.20000, 10, 0.25000),
  (475, 10425, 76, 14.40000, 20, 0.25000),
  (476, 10426, 56, 30.40000, 5, 0.00000),
  (477, 10426, 64, 26.60000, 7, 0.00000),
  (478, 10427, 14, 18.60000, 35, 0.00000),
  (479, 10428, 46, 9.60000, 20, 0.00000),
  (480, 10429, 50, 13.00000, 40, 0.00000),
  (481, 10429, 63, 35.10000, 35, 0.25000),
  (482, 10430, 17, 31.20000, 45, 0.20000),
  (483, 10430, 21, 8.00000, 50, 0.00000),
  (484, 10430, 56, 30.40000, 30, 0.00000),
  (485, 10430, 59, 44.00000, 70, 0.20000),
  (486, 10431, 17, 31.20000, 50, 0.25000),
  (487, 10431, 40, 14.70000, 50, 0.25000),
  (488, 10431, 47, 7.60000, 30, 0.25000),
  (489, 10432, 26, 24.90000, 10, 0.00000),
  (490, 10432, 54, 5.90000, 40, 0.00000),
  (491, 10433, 56, 30.40000, 28, 0.00000),
  (492, 10434, 11, 16.80000, 6, 0.00000),
  (493, 10434, 76, 14.40000, 18, 0.15000),
  (494, 10435, 2, 15.20000, 10, 0.00000),
  (495, 10435, 22, 16.80000, 12, 0.00000),
  (496, 10435, 72, 27.80000, 10, 0.00000),
  (497, 10436, 46, 9.60000, 5, 0.00000),
  (498, 10436, 56, 30.40000, 40, 0.10000),
  (499, 10436, 64, 26.60000, 30, 0.10000),
  (500, 10436, 75, 6.20000, 24, 0.10000),
  (501, 10437, 53, 26.20000, 15, 0.00000),
  (502, 10438, 19, 7.30000, 15, 0.20000),
  (503, 10438, 34, 11.20000, 20, 0.20000),
  (504, 10438, 57, 15.60000, 15, 0.20000),
  (505, 10439, 12, 30.40000, 15, 0.00000),
  (506, 10439, 16, 13.90000, 16, 0.00000),
  (507, 10439, 64, 26.60000, 6, 0.00000),
  (508, 10439, 74, 8.00000, 30, 0.00000),
  (509, 10440, 2, 15.20000, 45, 0.15000),
  (510, 10440, 16, 13.90000, 49, 0.15000),
  (511, 10440, 29, 99.00000, 24, 0.15000),
  (512, 10440, 61, 22.80000, 90, 0.15000),
  (513, 10441, 27, 35.10000, 50, 0.00000),
  (514, 10442, 11, 16.80000, 30, 0.00000),
  (515, 10442, 54, 5.90000, 80, 0.00000),
  (516, 10442, 66, 13.60000, 60, 0.00000),
  (517, 10443, 11, 16.80000, 6, 0.20000),
  (518, 10443, 28, 36.40000, 12, 0.00000),
  (519, 10444, 17, 31.20000, 10, 0.00000),
  (520, 10444, 26, 24.90000, 15, 0.00000),
  (521, 10444, 35, 14.40000, 8, 0.00000),
  (522, 10444, 41, 7.70000, 30, 0.00000),
  (523, 10445, 39, 14.40000, 6, 0.00000),
  (524, 10445, 54, 5.90000, 15, 0.00000),
  (525, 10446, 19, 7.30000, 12, 0.10000),
  (526, 10446, 24, 3.60000, 20, 0.10000),
  (527, 10446, 31, 10.00000, 3, 0.10000),
  (528, 10446, 52, 5.60000, 15, 0.10000),
  (529, 10447, 19, 7.30000, 40, 0.00000),
  (530, 10447, 65, 16.80000, 35, 0.00000),
  (531, 10447, 71, 17.20000, 2, 0.00000),
  (532, 10448, 26, 24.90000, 6, 0.00000),
  (533, 10448, 40, 14.70000, 20, 0.00000),
  (534, 10449, 10, 24.80000, 14, 0.00000),
  (535, 10449, 52, 5.60000, 20, 0.00000),
  (536, 10449, 62, 39.40000, 35, 0.00000),
  (537, 10450, 10, 24.80000, 20, 0.20000),
  (538, 10450, 54, 5.90000, 6, 0.20000),
  (539, 10451, 55, 19.20000, 120, 0.10000),
  (540, 10451, 64, 26.60000, 35, 0.10000),
  (541, 10451, 65, 16.80000, 28, 0.10000),
  (542, 10451, 77, 10.40000, 55, 0.10000),
  (543, 10452, 28, 36.40000, 15, 0.00000),
  (544, 10452, 44, 15.50000, 100, 0.05000),
  (545, 10453, 48, 10.20000, 15, 0.10000),
  (546, 10453, 70, 12.00000, 25, 0.10000),
  (547, 10454, 16, 13.90000, 20, 0.20000),
  (548, 10454, 33, 2.00000, 20, 0.20000),
  (549, 10454, 46, 9.60000, 10, 0.20000),
  (550, 10455, 39, 14.40000, 20, 0.00000),
  (551, 10455, 53, 26.20000, 50, 0.00000),
  (552, 10455, 61, 22.80000, 25, 0.00000),
  (553, 10455, 71, 17.20000, 30, 0.00000),
  (554, 10456, 21, 8.00000, 40, 0.15000),
  (555, 10456, 49, 16.00000, 21, 0.15000),
  (556, 10457, 59, 44.00000, 36, 0.00000),
  (557, 10458, 26, 24.90000, 30, 0.00000),
  (558, 10458, 28, 36.40000, 30, 0.00000),
  (559, 10458, 43, 36.80000, 20, 0.00000),
  (560, 10458, 56, 30.40000, 15, 0.00000),
  (561, 10458, 71, 17.20000, 50, 0.00000),
  (562, 10459, 7, 24.00000, 16, 0.05000),
  (563, 10459, 46, 9.60000, 20, 0.05000),
  (564, 10459, 72, 27.80000, 40, 0.00000),
  (565, 10460, 68, 10.00000, 21, 0.25000),
  (566, 10460, 75, 6.20000, 4, 0.25000),
  (567, 10461, 21, 8.00000, 40, 0.25000),
  (568, 10461, 30, 20.70000, 28, 0.25000),
  (569, 10461, 55, 19.20000, 60, 0.25000),
  (570, 10462, 13, 4.80000, 1, 0.00000),
  (571, 10462, 23, 7.20000, 21, 0.00000),
  (572, 10463, 19, 7.30000, 21, 0.00000),
  (573, 10463, 42, 11.20000, 50, 0.00000),
  (574, 10464, 4, 17.60000, 16, 0.20000),
  (575, 10464, 43, 36.80000, 3, 0.00000),
  (576, 10464, 56, 30.40000, 30, 0.20000),
  (577, 10464, 60, 27.20000, 20, 0.00000),
  (578, 10465, 24, 3.60000, 25, 0.00000),
  (579, 10465, 29, 99.00000, 18, 0.10000),
  (580, 10465, 40, 14.70000, 20, 0.00000),
  (581, 10465, 45, 7.60000, 30, 0.10000),
  (582, 10465, 50, 13.00000, 25, 0.00000),
  (583, 10466, 11, 16.80000, 10, 0.00000),
  (584, 10466, 46, 9.60000, 5, 0.00000),
  (585, 10467, 24, 3.60000, 28, 0.00000),
  (586, 10467, 25, 11.20000, 12, 0.00000),
  (587, 10468, 30, 20.70000, 8, 0.00000),
  (588, 10468, 43, 36.80000, 15, 0.00000),
  (589, 10469, 2, 15.20000, 40, 0.15000),
  (590, 10469, 16, 13.90000, 35, 0.15000),
  (591, 10469, 44, 15.50000, 2, 0.15000),
  (592, 10470, 18, 50.00000, 30, 0.00000),
  (593, 10470, 23, 7.20000, 15, 0.00000),
  (594, 10470, 64, 26.60000, 8, 0.00000),
  (595, 10471, 7, 24.00000, 30, 0.00000),
  (596, 10471, 56, 30.40000, 20, 0.00000),
  (597, 10472, 24, 3.60000, 80, 0.05000),
  (598, 10472, 51, 42.40000, 18, 0.00000),
  (599, 10473, 33, 2.00000, 12, 0.00000),
  (600, 10473, 71, 17.20000, 12, 0.00000),
  (601, 10474, 14, 18.60000, 12, 0.00000),
  (602, 10474, 28, 36.40000, 18, 0.00000),
  (603, 10474, 40, 14.70000, 21, 0.00000),
  (604, 10474, 75, 6.20000, 10, 0.00000),
  (605, 10475, 31, 10.00000, 35, 0.15000),
  (606, 10475, 66, 13.60000, 60, 0.15000),
  (607, 10475, 76, 14.40000, 42, 0.15000),
  (608, 10476, 55, 19.20000, 2, 0.05000),
  (609, 10476, 70, 12.00000, 12, 0.00000),
  (610, 10477, 1, 14.40000, 15, 0.00000),
  (611, 10477, 21, 8.00000, 21, 0.25000),
  (612, 10477, 39, 14.40000, 20, 0.25000),
  (613, 10478, 10, 24.80000, 20, 0.05000),
  (614, 10479, 38, 210.80000, 30, 0.00000),
  (615, 10479, 53, 26.20000, 28, 0.00000),
  (616, 10479, 59, 44.00000, 60, 0.00000),
  (617, 10479, 64, 26.60000, 30, 0.00000),
  (618, 10480, 47, 7.60000, 30, 0.00000),
  (619, 10480, 59, 44.00000, 12, 0.00000),
  (620, 10481, 49, 16.00000, 24, 0.00000),
  (621, 10481, 60, 27.20000, 40, 0.00000),
  (622, 10482, 40, 14.70000, 10, 0.00000),
  (623, 10483, 34, 11.20000, 35, 0.05000),
  (624, 10483, 77, 10.40000, 30, 0.05000),
  (625, 10484, 21, 8.00000, 14, 0.00000),
  (626, 10484, 40, 14.70000, 10, 0.00000),
  (627, 10484, 51, 42.40000, 3, 0.00000),
  (628, 10485, 2, 15.20000, 20, 0.10000),
  (629, 10485, 3, 8.00000, 20, 0.10000),
  (630, 10485, 55, 19.20000, 30, 0.10000),
  (631, 10485, 70, 12.00000, 60, 0.10000),
  (632, 10486, 11, 16.80000, 5, 0.00000),
  (633, 10486, 51, 42.40000, 25, 0.00000),
  (634, 10486, 74, 8.00000, 16, 0.00000),
  (635, 10487, 19, 7.30000, 5, 0.00000),
  (636, 10487, 26, 24.90000, 30, 0.00000),
  (637, 10487, 54, 5.90000, 24, 0.25000),
  (638, 10488, 59, 44.00000, 30, 0.00000),
  (639, 10488, 73, 12.00000, 20, 0.20000),
  (640, 10489, 11, 16.80000, 15, 0.25000),
  (641, 10489, 16, 13.90000, 18, 0.00000),
  (642, 10490, 59, 44.00000, 60, 0.00000),
  (643, 10490, 68, 10.00000, 30, 0.00000),
  (644, 10490, 75, 6.20000, 36, 0.00000),
  (645, 10491, 44, 15.50000, 15, 0.15000),
  (646, 10491, 77, 10.40000, 7, 0.15000),
  (647, 10492, 25, 11.20000, 60, 0.05000),
  (648, 10492, 42, 11.20000, 20, 0.05000),
  (649, 10493, 65, 16.80000, 15, 0.10000),
  (650, 10493, 66, 13.60000, 10, 0.10000),
  (651, 10493, 69, 28.80000, 10, 0.10000),
  (652, 10494, 56, 30.40000, 30, 0.00000),
  (653, 10495, 23, 7.20000, 10, 0.00000),
  (654, 10495, 41, 7.70000, 20, 0.00000),
  (655, 10495, 77, 10.40000, 5, 0.00000),
  (656, 10496, 31, 10.00000, 20, 0.05000),
  (657, 10497, 56, 30.40000, 14, 0.00000),
  (658, 10497, 72, 27.80000, 25, 0.00000),
  (659, 10497, 77, 10.40000, 25, 0.00000),
  (660, 10498, 24, 4.50000, 14, 0.00000),
  (661, 10498, 40, 18.40000, 5, 0.00000),
  (662, 10498, 42, 14.00000, 30, 0.00000),
  (663, 10499, 28, 45.60000, 20, 0.00000),
  (664, 10499, 49, 20.00000, 25, 0.00000),
  (665, 10500, 15, 15.50000, 12, 0.05000),
  (666, 10500, 28, 45.60000, 8, 0.05000),
  (667, 10501, 54, 7.45000, 20, 0.00000),
  (668, 10502, 45, 9.50000, 21, 0.00000),
  (669, 10502, 53, 32.80000, 6, 0.00000),
  (670, 10502, 67, 14.00000, 30, 0.00000),
  (671, 10503, 14, 23.25000, 70, 0.00000),
  (672, 10503, 65, 21.05000, 20, 0.00000),
  (673, 10504, 2, 19.00000, 12, 0.00000),
  (674, 10504, 21, 10.00000, 12, 0.00000),
  (675, 10504, 53, 32.80000, 10, 0.00000),
  (676, 10504, 61, 28.50000, 25, 0.00000),
  (677, 10505, 62, 49.30000, 3, 0.00000),
  (678, 10506, 25, 14.00000, 18, 0.10000),
  (679, 10506, 70, 15.00000, 14, 0.10000),
  (680, 10507, 43, 46.00000, 15, 0.15000),
  (681, 10507, 48, 12.75000, 15, 0.15000),
  (682, 10508, 13, 6.00000, 10, 0.00000),
  (683, 10508, 39, 18.00000, 10, 0.00000),
  (684, 10509, 28, 45.60000, 3, 0.00000),
  (685, 10510, 29, 123.79000, 36, 0.00000),
  (686, 10510, 75, 7.75000, 36, 0.10000),
  (687, 10511, 4, 22.00000, 50, 0.15000),
  (688, 10511, 7, 30.00000, 50, 0.15000),
  (689, 10511, 8, 40.00000, 10, 0.15000),
  (690, 10512, 24, 4.50000, 10, 0.15000),
  (691, 10512, 46, 12.00000, 9, 0.15000),
  (692, 10512, 47, 9.50000, 6, 0.15000),
  (693, 10512, 60, 34.00000, 12, 0.15000),
  (694, 10513, 21, 10.00000, 40, 0.20000),
  (695, 10513, 32, 32.00000, 50, 0.20000),
  (696, 10513, 61, 28.50000, 15, 0.20000),
  (697, 10514, 20, 81.00000, 39, 0.00000),
  (698, 10514, 28, 45.60000, 35, 0.00000),
  (699, 10514, 56, 38.00000, 70, 0.00000),
  (700, 10514, 65, 21.05000, 39, 0.00000),
  (701, 10514, 75, 7.75000, 50, 0.00000),
  (702, 10515, 9, 97.00000, 16, 0.15000),
  (703, 10515, 16, 17.45000, 50, 0.00000),
  (704, 10515, 27, 43.90000, 120, 0.00000),
  (705, 10515, 33, 2.50000, 16, 0.15000),
  (706, 10515, 60, 34.00000, 84, 0.15000),
  (707, 10516, 18, 62.50000, 25, 0.10000),
  (708, 10516, 41, 9.65000, 80, 0.10000),
  (709, 10516, 42, 14.00000, 20, 0.00000),
  (710, 10517, 52, 7.00000, 6, 0.00000),
  (711, 10517, 59, 55.00000, 4, 0.00000),
  (712, 10517, 70, 15.00000, 6, 0.00000),
  (713, 10518, 24, 4.50000, 5, 0.00000),
  (714, 10518, 38, 263.50000, 15, 0.00000),
  (715, 10518, 44, 19.45000, 9, 0.00000),
  (716, 10519, 10, 31.00000, 16, 0.05000),
  (717, 10519, 56, 38.00000, 40, 0.00000),
  (718, 10519, 60, 34.00000, 10, 0.05000),
  (719, 10520, 24, 4.50000, 8, 0.00000),
  (720, 10520, 53, 32.80000, 5, 0.00000),
  (721, 10521, 35, 18.00000, 3, 0.00000),
  (722, 10521, 41, 9.65000, 10, 0.00000),
  (723, 10521, 68, 12.50000, 6, 0.00000),
  (724, 10522, 1, 18.00000, 40, 0.20000),
  (725, 10522, 8, 40.00000, 24, 0.00000),
  (726, 10522, 30, 25.89000, 20, 0.20000),
  (727, 10522, 40, 18.40000, 25, 0.20000),
  (728, 10523, 17, 39.00000, 25, 0.10000),
  (729, 10523, 20, 81.00000, 15, 0.10000),
  (730, 10523, 37, 26.00000, 18, 0.10000),
  (731, 10523, 41, 9.65000, 6, 0.10000),
  (732, 10524, 10, 31.00000, 2, 0.00000),
  (733, 10524, 30, 25.89000, 10, 0.00000),
  (734, 10524, 43, 46.00000, 60, 0.00000),
  (735, 10524, 54, 7.45000, 15, 0.00000),
  (736, 10525, 36, 19.00000, 30, 0.00000),
  (737, 10525, 40, 18.40000, 15, 0.10000),
  (738, 10526, 1, 18.00000, 8, 0.15000),
  (739, 10526, 13, 6.00000, 10, 0.00000),
  (740, 10526, 56, 38.00000, 30, 0.15000),
  (741, 10527, 4, 22.00000, 50, 0.10000),
  (742, 10527, 36, 19.00000, 30, 0.10000),
  (743, 10528, 11, 21.00000, 3, 0.00000),
  (744, 10528, 33, 2.50000, 8, 0.20000),
  (745, 10528, 72, 34.80000, 9, 0.00000),
  (746, 10529, 55, 24.00000, 14, 0.00000),
  (747, 10529, 68, 12.50000, 20, 0.00000),
  (748, 10529, 69, 36.00000, 10, 0.00000),
  (749, 10530, 17, 39.00000, 40, 0.00000),
  (750, 10530, 43, 46.00000, 25, 0.00000),
  (751, 10530, 61, 28.50000, 20, 0.00000),
  (752, 10530, 76, 18.00000, 50, 0.00000),
  (753, 10531, 59, 55.00000, 2, 0.00000),
  (754, 10532, 30, 25.89000, 15, 0.00000),
  (755, 10532, 66, 17.00000, 24, 0.00000),
  (756, 10533, 4, 22.00000, 50, 0.05000),
  (757, 10533, 72, 34.80000, 24, 0.00000),
  (758, 10533, 73, 15.00000, 24, 0.05000),
  (759, 10534, 30, 25.89000, 10, 0.00000),
  (760, 10534, 40, 18.40000, 10, 0.20000),
  (761, 10534, 54, 7.45000, 10, 0.20000),
  (762, 10535, 11, 21.00000, 50, 0.10000),
  (763, 10535, 40, 18.40000, 10, 0.10000),
  (764, 10535, 57, 19.50000, 5, 0.10000),
  (765, 10535, 59, 55.00000, 15, 0.10000),
  (766, 10536, 12, 38.00000, 15, 0.25000),
  (767, 10536, 31, 12.50000, 20, 0.00000),
  (768, 10536, 33, 2.50000, 30, 0.00000),
  (769, 10536, 60, 34.00000, 35, 0.25000),
  (770, 10537, 31, 12.50000, 30, 0.00000),
  (771, 10537, 51, 53.00000, 6, 0.00000),
  (772, 10537, 58, 13.25000, 20, 0.00000),
  (773, 10537, 72, 34.80000, 21, 0.00000),
  (774, 10537, 73, 15.00000, 9, 0.00000),
  (775, 10538, 70, 15.00000, 7, 0.00000),
  (776, 10538, 72, 34.80000, 1, 0.00000),
  (777, 10539, 13, 6.00000, 8, 0.00000),
  (778, 10539, 21, 10.00000, 15, 0.00000),
  (779, 10539, 33, 2.50000, 15, 0.00000),
  (780, 10539, 49, 20.00000, 6, 0.00000),
  (781, 10540, 3, 10.00000, 60, 0.00000),
  (782, 10540, 26, 31.23000, 40, 0.00000),
  (783, 10540, 38, 263.50000, 30, 0.00000),
  (784, 10540, 68, 12.50000, 35, 0.00000),
  (785, 10541, 24, 4.50000, 35, 0.10000),
  (786, 10541, 38, 263.50000, 4, 0.10000),
  (787, 10541, 65, 21.05000, 36, 0.10000),
  (788, 10541, 71, 21.50000, 9, 0.10000),
  (789, 10542, 11, 21.00000, 15, 0.05000),
  (790, 10542, 54, 7.45000, 24, 0.05000),
  (791, 10543, 12, 38.00000, 30, 0.15000),
  (792, 10543, 23, 9.00000, 70, 0.15000),
  (793, 10544, 28, 45.60000, 7, 0.00000),
  (794, 10544, 67, 14.00000, 7, 0.00000),
  (795, 10545, 11, 21.00000, 10, 0.00000),
  (796, 10546, 7, 30.00000, 10, 0.00000),
  (797, 10546, 35, 18.00000, 30, 0.00000),
  (798, 10546, 62, 49.30000, 40, 0.00000),
  (799, 10547, 32, 32.00000, 24, 0.15000),
  (800, 10547, 36, 19.00000, 60, 0.00000),
  (801, 10548, 34, 14.00000, 10, 0.25000),
  (802, 10548, 41, 9.65000, 14, 0.00000),
  (803, 10549, 31, 12.50000, 55, 0.15000),
  (804, 10549, 45, 9.50000, 100, 0.15000),
  (805, 10549, 51, 53.00000, 48, 0.15000),
  (806, 10550, 17, 39.00000, 8, 0.10000),
  (807, 10550, 19, 9.20000, 10, 0.00000),
  (808, 10550, 21, 10.00000, 6, 0.10000),
  (809, 10550, 61, 28.50000, 10, 0.10000),
  (810, 10551, 16, 17.45000, 40, 0.15000),
  (811, 10551, 35, 18.00000, 20, 0.15000),
  (812, 10551, 44, 19.45000, 40, 0.00000),
  (813, 10552, 69, 36.00000, 18, 0.00000),
  (814, 10552, 75, 7.75000, 30, 0.00000),
  (815, 10553, 11, 21.00000, 15, 0.00000),
  (816, 10553, 16, 17.45000, 14, 0.00000),
  (817, 10553, 22, 21.00000, 24, 0.00000),
  (818, 10553, 31, 12.50000, 30, 0.00000),
  (819, 10553, 35, 18.00000, 6, 0.00000),
  (820, 10554, 16, 17.45000, 30, 0.05000),
  (821, 10554, 23, 9.00000, 20, 0.05000),
  (822, 10554, 62, 49.30000, 20, 0.05000),
  (823, 10554, 77, 13.00000, 10, 0.05000),
  (824, 10555, 14, 23.25000, 30, 0.20000),
  (825, 10555, 19, 9.20000, 35, 0.20000),
  (826, 10555, 24, 4.50000, 18, 0.20000),
  (827, 10555, 51, 53.00000, 20, 0.20000),
  (828, 10555, 56, 38.00000, 40, 0.20000),
  (829, 10556, 72, 34.80000, 24, 0.00000),
  (830, 10557, 64, 33.25000, 30, 0.00000),
  (831, 10557, 75, 7.75000, 20, 0.00000),
  (832, 10558, 47, 9.50000, 25, 0.00000),
  (833, 10558, 51, 53.00000, 20, 0.00000),
  (834, 10558, 52, 7.00000, 30, 0.00000),
  (835, 10558, 53, 32.80000, 18, 0.00000),
  (836, 10558, 73, 15.00000, 3, 0.00000),
  (837, 10559, 41, 9.65000, 12, 0.05000),
  (838, 10559, 55, 24.00000, 18, 0.05000),
  (839, 10560, 30, 25.89000, 20, 0.00000),
  (840, 10560, 62, 49.30000, 15, 0.25000),
  (841, 10561, 44, 19.45000, 10, 0.00000),
  (842, 10561, 51, 53.00000, 50, 0.00000),
  (843, 10562, 33, 2.50000, 20, 0.10000),
  (844, 10562, 62, 49.30000, 10, 0.10000),
  (845, 10563, 36, 19.00000, 25, 0.00000),
  (846, 10563, 52, 7.00000, 70, 0.00000),
  (847, 10564, 17, 39.00000, 16, 0.05000),
  (848, 10564, 31, 12.50000, 6, 0.05000),
  (849, 10564, 55, 24.00000, 25, 0.05000),
  (850, 10565, 24, 4.50000, 25, 0.10000),
  (851, 10565, 64, 33.25000, 18, 0.10000),
  (852, 10566, 11, 21.00000, 35, 0.15000),
  (853, 10566, 18, 62.50000, 18, 0.15000),
  (854, 10566, 76, 18.00000, 10, 0.00000),
  (855, 10567, 31, 12.50000, 60, 0.20000),
  (856, 10567, 51, 53.00000, 3, 0.00000),
  (857, 10567, 59, 55.00000, 40, 0.20000),
  (858, 10568, 10, 31.00000, 5, 0.00000),
  (859, 10569, 31, 12.50000, 35, 0.20000),
  (860, 10569, 76, 18.00000, 30, 0.00000),
  (861, 10570, 11, 21.00000, 15, 0.05000),
  (862, 10570, 56, 38.00000, 60, 0.05000),
  (863, 10571, 14, 23.25000, 11, 0.15000),
  (864, 10571, 42, 14.00000, 28, 0.15000),
  (865, 10572, 16, 17.45000, 12, 0.10000),
  (866, 10572, 32, 32.00000, 10, 0.10000),
  (867, 10572, 40, 18.40000, 50, 0.00000),
  (868, 10572, 75, 7.75000, 15, 0.10000),
  (869, 10573, 17, 39.00000, 18, 0.00000),
  (870, 10573, 34, 14.00000, 40, 0.00000),
  (871, 10573, 53, 32.80000, 25, 0.00000),
  (872, 10574, 33, 2.50000, 14, 0.00000),
  (873, 10574, 40, 18.40000, 2, 0.00000),
  (874, 10574, 62, 49.30000, 10, 0.00000),
  (875, 10574, 64, 33.25000, 6, 0.00000),
  (876, 10575, 59, 55.00000, 12, 0.00000),
  (877, 10575, 63, 43.90000, 6, 0.00000),
  (878, 10575, 72, 34.80000, 30, 0.00000),
  (879, 10575, 76, 18.00000, 10, 0.00000),
  (880, 10576, 1, 18.00000, 10, 0.00000),
  (881, 10576, 31, 12.50000, 20, 0.00000),
  (882, 10576, 44, 19.45000, 21, 0.00000),
  (883, 10577, 39, 18.00000, 10, 0.00000),
  (884, 10577, 75, 7.75000, 20, 0.00000),
  (885, 10577, 77, 13.00000, 18, 0.00000),
  (886, 10578, 35, 18.00000, 20, 0.00000),
  (887, 10578, 57, 19.50000, 6, 0.00000),
  (888, 10579, 15, 15.50000, 10, 0.00000),
  (889, 10579, 75, 7.75000, 21, 0.00000),
  (890, 10580, 14, 23.25000, 15, 0.05000),
  (891, 10580, 41, 9.65000, 9, 0.05000),
  (892, 10580, 65, 21.05000, 30, 0.05000),
  (893, 10581, 75, 7.75000, 50, 0.20000),
  (894, 10582, 57, 19.50000, 4, 0.00000),
  (895, 10582, 76, 18.00000, 14, 0.00000),
  (896, 10583, 29, 123.79000, 10, 0.00000),
  (897, 10583, 60, 34.00000, 24, 0.15000),
  (898, 10583, 69, 36.00000, 10, 0.15000),
  (899, 10584, 31, 12.50000, 50, 0.05000),
  (900, 10585, 47, 9.50000, 15, 0.00000),
  (901, 10586, 52, 7.00000, 4, 0.15000),
  (902, 10587, 26, 31.23000, 6, 0.00000),
  (903, 10587, 35, 18.00000, 20, 0.00000),
  (904, 10587, 77, 13.00000, 20, 0.00000),
  (905, 10588, 18, 62.50000, 40, 0.20000),
  (906, 10588, 42, 14.00000, 100, 0.20000),
  (907, 10589, 35, 18.00000, 4, 0.00000),
  (908, 10590, 1, 18.00000, 20, 0.00000),
  (909, 10590, 77, 13.00000, 60, 0.05000),
  (910, 10591, 3, 10.00000, 14, 0.00000),
  (911, 10591, 7, 30.00000, 10, 0.00000),
  (912, 10591, 54, 7.45000, 50, 0.00000),
  (913, 10592, 15, 15.50000, 25, 0.05000),
  (914, 10592, 26, 31.23000, 5, 0.05000),
  (915, 10593, 20, 81.00000, 21, 0.20000),
  (916, 10593, 69, 36.00000, 20, 0.20000),
  (917, 10593, 76, 18.00000, 4, 0.20000),
  (918, 10594, 52, 7.00000, 24, 0.00000),
  (919, 10594, 58, 13.25000, 30, 0.00000),
  (920, 10595, 35, 18.00000, 30, 0.25000),
  (921, 10595, 61, 28.50000, 120, 0.25000),
  (922, 10595, 69, 36.00000, 65, 0.25000),
  (923, 10596, 56, 38.00000, 5, 0.20000),
  (924, 10596, 63, 43.90000, 24, 0.20000),
  (925, 10596, 75, 7.75000, 30, 0.20000),
  (926, 10597, 24, 4.50000, 35, 0.20000),
  (927, 10597, 57, 19.50000, 20, 0.00000),
  (928, 10597, 65, 21.05000, 12, 0.20000),
  (929, 10598, 27, 43.90000, 50, 0.00000),
  (930, 10598, 71, 21.50000, 9, 0.00000),
  (931, 10599, 62, 49.30000, 10, 0.00000),
  (932, 10600, 54, 7.45000, 4, 0.00000),
  (933, 10600, 73, 15.00000, 30, 0.00000),
  (934, 10601, 13, 6.00000, 60, 0.00000),
  (935, 10601, 59, 55.00000, 35, 0.00000),
  (936, 10602, 77, 13.00000, 5, 0.25000),
  (937, 10603, 22, 21.00000, 48, 0.00000),
  (938, 10603, 49, 20.00000, 25, 0.05000),
  (939, 10604, 48, 12.75000, 6, 0.10000),
  (940, 10604, 76, 18.00000, 10, 0.10000),
  (941, 10605, 16, 17.45000, 30, 0.05000),
  (942, 10605, 59, 55.00000, 20, 0.05000),
  (943, 10605, 60, 34.00000, 70, 0.05000),
  (944, 10605, 71, 21.50000, 15, 0.05000),
  (945, 10606, 4, 22.00000, 20, 0.20000),
  (946, 10606, 55, 24.00000, 20, 0.20000),
  (947, 10606, 62, 49.30000, 10, 0.20000),
  (948, 10607, 7, 30.00000, 45, 0.00000),
  (949, 10607, 17, 39.00000, 100, 0.00000),
  (950, 10607, 33, 2.50000, 14, 0.00000),
  (951, 10607, 40, 18.40000, 42, 0.00000),
  (952, 10607, 72, 34.80000, 12, 0.00000),
  (953, 10608, 56, 38.00000, 28, 0.00000),
  (954, 10609, 1, 18.00000, 3, 0.00000),
  (955, 10609, 10, 31.00000, 10, 0.00000),
  (956, 10609, 21, 10.00000, 6, 0.00000),
  (957, 10610, 36, 19.00000, 21, 0.25000),
  (958, 10611, 1, 18.00000, 6, 0.00000),
  (959, 10611, 2, 19.00000, 10, 0.00000),
  (960, 10611, 60, 34.00000, 15, 0.00000),
  (961, 10612, 10, 31.00000, 70, 0.00000),
  (962, 10612, 36, 19.00000, 55, 0.00000),
  (963, 10612, 49, 20.00000, 18, 0.00000),
  (964, 10612, 60, 34.00000, 40, 0.00000),
  (965, 10612, 76, 18.00000, 80, 0.00000),
  (966, 10613, 13, 6.00000, 8, 0.10000),
  (967, 10613, 75, 7.75000, 40, 0.00000),
  (968, 10614, 11, 21.00000, 14, 0.00000),
  (969, 10614, 21, 10.00000, 8, 0.00000),
  (970, 10614, 39, 18.00000, 5, 0.00000),
  (971, 10615, 55, 24.00000, 5, 0.00000),
  (972, 10616, 38, 263.50000, 15, 0.05000),
  (973, 10616, 56, 38.00000, 14, 0.00000),
  (974, 10616, 70, 15.00000, 15, 0.05000),
  (975, 10616, 71, 21.50000, 15, 0.05000),
  (976, 10617, 59, 55.00000, 30, 0.15000),
  (977, 10618, 6, 25.00000, 70, 0.00000),
  (978, 10618, 56, 38.00000, 20, 0.00000),
  (979, 10618, 68, 12.50000, 15, 0.00000),
  (980, 10619, 21, 10.00000, 42, 0.00000),
  (981, 10619, 22, 21.00000, 40, 0.00000),
  (982, 10620, 24, 4.50000, 5, 0.00000),
  (983, 10620, 52, 7.00000, 5, 0.00000),
  (984, 10621, 19, 9.20000, 5, 0.00000),
  (985, 10621, 23, 9.00000, 10, 0.00000),
  (986, 10621, 70, 15.00000, 20, 0.00000),
  (987, 10621, 71, 21.50000, 15, 0.00000),
  (988, 10622, 2, 19.00000, 20, 0.00000),
  (989, 10622, 68, 12.50000, 18, 0.20000),
  (990, 10623, 14, 23.25000, 21, 0.00000),
  (991, 10623, 19, 9.20000, 15, 0.10000),
  (992, 10623, 21, 10.00000, 25, 0.10000),
  (993, 10623, 24, 4.50000, 3, 0.00000),
  (994, 10623, 35, 18.00000, 30, 0.10000),
  (995, 10624, 28, 45.60000, 10, 0.00000),
  (996, 10624, 29, 123.79000, 6, 0.00000),
  (997, 10624, 44, 19.45000, 10, 0.00000),
  (998, 10625, 14, 23.25000, 3, 0.00000),
  (999, 10625, 42, 14.00000, 5, 0.00000),
  (1000, 10625, 60, 34.00000, 10, 0.00000),
  (1001, 10626, 53, 32.80000, 12, 0.00000),
  (1002, 10626, 60, 34.00000, 20, 0.00000),
  (1003, 10626, 71, 21.50000, 20, 0.00000),
  (1004, 10627, 62, 49.30000, 15, 0.00000),
  (1005, 10627, 73, 15.00000, 35, 0.15000),
  (1006, 10628, 1, 18.00000, 25, 0.00000),
  (1007, 10629, 29, 123.79000, 20, 0.00000),
  (1008, 10629, 64, 33.25000, 9, 0.00000),
  (1009, 10630, 55, 24.00000, 12, 0.05000),
  (1010, 10630, 76, 18.00000, 35, 0.00000),
  (1011, 10631, 75, 7.75000, 8, 0.10000),
  (1012, 10632, 2, 19.00000, 30, 0.05000),
  (1013, 10632, 33, 2.50000, 20, 0.05000),
  (1014, 10633, 12, 38.00000, 36, 0.15000),
  (1015, 10633, 13, 6.00000, 13, 0.15000),
  (1016, 10633, 26, 31.23000, 35, 0.15000),
  (1017, 10633, 62, 49.30000, 80, 0.15000),
  (1018, 10634, 7, 30.00000, 35, 0.00000),
  (1019, 10634, 18, 62.50000, 50, 0.00000),
  (1020, 10634, 51, 53.00000, 15, 0.00000),
  (1021, 10634, 75, 7.75000, 2, 0.00000),
  (1022, 10635, 4, 22.00000, 10, 0.10000),
  (1023, 10635, 5, 21.35000, 15, 0.10000),
  (1024, 10635, 22, 21.00000, 40, 0.00000),
  (1025, 10636, 4, 22.00000, 25, 0.00000),
  (1026, 10636, 58, 13.25000, 6, 0.00000),
  (1027, 10637, 11, 21.00000, 10, 0.00000),
  (1028, 10637, 50, 16.25000, 25, 0.05000),
  (1029, 10637, 56, 38.00000, 60, 0.05000),
  (1030, 10638, 45, 9.50000, 20, 0.00000),
  (1031, 10638, 65, 21.05000, 21, 0.00000),
  (1032, 10638, 72, 34.80000, 60, 0.00000),
  (1033, 10639, 18, 62.50000, 8, 0.00000),
  (1034, 10640, 69, 36.00000, 20, 0.25000),
  (1035, 10640, 70, 15.00000, 15, 0.25000),
  (1036, 10641, 2, 19.00000, 50, 0.00000),
  (1037, 10641, 40, 18.40000, 60, 0.00000),
  (1038, 10642, 21, 10.00000, 30, 0.20000),
  (1039, 10642, 61, 28.50000, 20, 0.20000),
  (1040, 10643, 28, 45.60000, 15, 0.25000),
  (1041, 10643, 39, 18.00000, 21, 0.25000),
  (1042, 10643, 46, 12.00000, 2, 0.25000),
  (1043, 10644, 18, 62.50000, 4, 0.10000),
  (1044, 10644, 43, 46.00000, 20, 0.00000),
  (1045, 10644, 46, 12.00000, 21, 0.10000),
  (1046, 10645, 18, 62.50000, 20, 0.00000),
  (1047, 10645, 36, 19.00000, 15, 0.00000),
  (1048, 10646, 1, 18.00000, 15, 0.25000),
  (1049, 10646, 10, 31.00000, 18, 0.25000),
  (1050, 10646, 71, 21.50000, 30, 0.25000),
  (1051, 10646, 77, 13.00000, 35, 0.25000),
  (1052, 10647, 19, 9.20000, 30, 0.00000),
  (1053, 10647, 39, 18.00000, 20, 0.00000),
  (1054, 10648, 22, 21.00000, 15, 0.00000),
  (1055, 10648, 24, 4.50000, 15, 0.15000),
  (1056, 10649, 28, 45.60000, 20, 0.00000),
  (1057, 10649, 72, 34.80000, 15, 0.00000),
  (1058, 10650, 30, 25.89000, 30, 0.00000),
  (1059, 10650, 53, 32.80000, 25, 0.05000),
  (1060, 10650, 54, 7.45000, 30, 0.00000),
  (1061, 10651, 19, 9.20000, 12, 0.25000),
  (1062, 10651, 22, 21.00000, 20, 0.25000),
  (1063, 10652, 30, 25.89000, 2, 0.25000),
  (1064, 10652, 42, 14.00000, 20, 0.00000),
  (1065, 10653, 16, 17.45000, 30, 0.10000),
  (1066, 10653, 60, 34.00000, 20, 0.10000),
  (1067, 10654, 4, 22.00000, 12, 0.10000),
  (1068, 10654, 39, 18.00000, 20, 0.10000),
  (1069, 10654, 54, 7.45000, 6, 0.10000),
  (1070, 10655, 41, 9.65000, 20, 0.20000),
  (1071, 10656, 14, 23.25000, 3, 0.10000),
  (1072, 10656, 44, 19.45000, 28, 0.10000),
  (1073, 10656, 47, 9.50000, 6, 0.10000),
  (1074, 10657, 15, 15.50000, 50, 0.00000),
  (1075, 10657, 41, 9.65000, 24, 0.00000),
  (1076, 10657, 46, 12.00000, 45, 0.00000),
  (1077, 10657, 47, 9.50000, 10, 0.00000),
  (1078, 10657, 56, 38.00000, 45, 0.00000),
  (1079, 10657, 60, 34.00000, 30, 0.00000),
  (1080, 10658, 21, 10.00000, 60, 0.00000),
  (1081, 10658, 40, 18.40000, 70, 0.05000),
  (1082, 10658, 60, 34.00000, 55, 0.05000),
  (1083, 10658, 77, 13.00000, 70, 0.05000),
  (1084, 10659, 31, 12.50000, 20, 0.05000),
  (1085, 10659, 40, 18.40000, 24, 0.05000),
  (1086, 10659, 70, 15.00000, 40, 0.05000),
  (1087, 10660, 20, 81.00000, 21, 0.00000),
  (1088, 10661, 39, 18.00000, 3, 0.20000),
  (1089, 10661, 58, 13.25000, 49, 0.20000),
  (1090, 10662, 68, 12.50000, 10, 0.00000),
  (1091, 10663, 40, 18.40000, 30, 0.05000),
  (1092, 10663, 42, 14.00000, 30, 0.05000),
  (1093, 10663, 51, 53.00000, 20, 0.05000),
  (1094, 10664, 10, 31.00000, 24, 0.15000),
  (1095, 10664, 56, 38.00000, 12, 0.15000),
  (1096, 10664, 65, 21.05000, 15, 0.15000),
  (1097, 10665, 51, 53.00000, 20, 0.00000),
  (1098, 10665, 59, 55.00000, 1, 0.00000),
  (1099, 10665, 76, 18.00000, 10, 0.00000),
  (1100, 10666, 29, 123.79000, 36, 0.00000),
  (1101, 10666, 65, 21.05000, 10, 0.00000),
  (1102, 10667, 69, 36.00000, 45, 0.20000),
  (1103, 10667, 71, 21.50000, 14, 0.20000),
  (1104, 10668, 31, 12.50000, 8, 0.10000),
  (1105, 10668, 55, 24.00000, 4, 0.10000),
  (1106, 10668, 64, 33.25000, 15, 0.10000),
  (1107, 10669, 36, 19.00000, 30, 0.00000),
  (1108, 10670, 23, 9.00000, 32, 0.00000),
  (1109, 10670, 46, 12.00000, 60, 0.00000),
  (1110, 10670, 67, 14.00000, 25, 0.00000),
  (1111, 10670, 73, 15.00000, 50, 0.00000),
  (1112, 10670, 75, 7.75000, 25, 0.00000),
  (1113, 10671, 16, 17.45000, 10, 0.00000),
  (1114, 10671, 62, 49.30000, 10, 0.00000),
  (1115, 10671, 65, 21.05000, 12, 0.00000),
  (1116, 10672, 38, 263.50000, 15, 0.10000),
  (1117, 10672, 71, 21.50000, 12, 0.00000),
  (1118, 10673, 16, 17.45000, 3, 0.00000),
  (1119, 10673, 42, 14.00000, 6, 0.00000),
  (1120, 10673, 43, 46.00000, 6, 0.00000),
  (1121, 10674, 23, 9.00000, 5, 0.00000),
  (1122, 10675, 14, 23.25000, 30, 0.00000),
  (1123, 10675, 53, 32.80000, 10, 0.00000),
  (1124, 10675, 58, 13.25000, 30, 0.00000),
  (1125, 10676, 10, 31.00000, 2, 0.00000),
  (1126, 10676, 19, 9.20000, 7, 0.00000),
  (1127, 10676, 44, 19.45000, 21, 0.00000),
  (1128, 10677, 26, 31.23000, 30, 0.15000),
  (1129, 10677, 33, 2.50000, 8, 0.15000),
  (1130, 10678, 12, 38.00000, 100, 0.00000),
  (1131, 10678, 33, 2.50000, 30, 0.00000),
  (1132, 10678, 41, 9.65000, 120, 0.00000),
  (1133, 10678, 54, 7.45000, 30, 0.00000),
  (1134, 10679, 59, 55.00000, 12, 0.00000),
  (1135, 10680, 16, 17.45000, 50, 0.25000),
  (1136, 10680, 31, 12.50000, 20, 0.25000),
  (1137, 10680, 42, 14.00000, 40, 0.25000),
  (1138, 10681, 19, 9.20000, 30, 0.10000),
  (1139, 10681, 21, 10.00000, 12, 0.10000),
  (1140, 10681, 64, 33.25000, 28, 0.00000),
  (1141, 10682, 33, 2.50000, 30, 0.00000),
  (1142, 10682, 66, 17.00000, 4, 0.00000),
  (1143, 10682, 75, 7.75000, 30, 0.00000),
  (1144, 10683, 52, 7.00000, 9, 0.00000),
  (1145, 10684, 40, 18.40000, 20, 0.00000),
  (1146, 10684, 47, 9.50000, 40, 0.00000),
  (1147, 10684, 60, 34.00000, 30, 0.00000),
  (1148, 10685, 10, 31.00000, 20, 0.00000),
  (1149, 10685, 41, 9.65000, 4, 0.00000),
  (1150, 10685, 47, 9.50000, 15, 0.00000),
  (1151, 10686, 17, 39.00000, 30, 0.20000),
  (1152, 10686, 26, 31.23000, 15, 0.00000),
  (1153, 10687, 9, 97.00000, 50, 0.25000),
  (1154, 10687, 29, 123.79000, 10, 0.00000),
  (1155, 10687, 36, 19.00000, 6, 0.25000),
  (1156, 10688, 10, 31.00000, 18, 0.10000),
  (1157, 10688, 28, 45.60000, 60, 0.10000),
  (1158, 10688, 34, 14.00000, 14, 0.00000),
  (1159, 10689, 1, 18.00000, 35, 0.25000),
  (1160, 10690, 56, 38.00000, 20, 0.25000),
  (1161, 10690, 77, 13.00000, 30, 0.25000),
  (1162, 10691, 1, 18.00000, 30, 0.00000),
  (1163, 10691, 29, 123.79000, 40, 0.00000),
  (1164, 10691, 43, 46.00000, 40, 0.00000),
  (1165, 10691, 44, 19.45000, 24, 0.00000),
  (1166, 10691, 62, 49.30000, 48, 0.00000),
  (1167, 10692, 63, 43.90000, 20, 0.00000),
  (1168, 10693, 9, 97.00000, 6, 0.00000),
  (1169, 10693, 54, 7.45000, 60, 0.15000),
  (1170, 10693, 69, 36.00000, 30, 0.15000),
  (1171, 10693, 73, 15.00000, 15, 0.15000),
  (1172, 10694, 7, 30.00000, 90, 0.00000),
  (1173, 10694, 59, 55.00000, 25, 0.00000),
  (1174, 10694, 70, 15.00000, 50, 0.00000),
  (1175, 10695, 8, 40.00000, 10, 0.00000),
  (1176, 10695, 12, 38.00000, 4, 0.00000),
  (1177, 10695, 24, 4.50000, 20, 0.00000),
  (1178, 10696, 17, 39.00000, 20, 0.00000),
  (1179, 10696, 46, 12.00000, 18, 0.00000),
  (1180, 10697, 19, 9.20000, 7, 0.25000),
  (1181, 10697, 35, 18.00000, 9, 0.25000),
  (1182, 10697, 58, 13.25000, 30, 0.25000),
  (1183, 10697, 70, 15.00000, 30, 0.25000),
  (1184, 10698, 11, 21.00000, 15, 0.00000),
  (1185, 10698, 17, 39.00000, 8, 0.05000),
  (1186, 10698, 29, 123.79000, 12, 0.05000),
  (1187, 10698, 65, 21.05000, 65, 0.05000),
  (1188, 10698, 70, 15.00000, 8, 0.05000),
  (1189, 10699, 47, 9.50000, 12, 0.00000),
  (1190, 10700, 1, 18.00000, 5, 0.20000),
  (1191, 10700, 34, 14.00000, 12, 0.20000),
  (1192, 10700, 68, 12.50000, 40, 0.20000),
  (1193, 10700, 71, 21.50000, 60, 0.20000),
  (1194, 10701, 59, 55.00000, 42, 0.15000),
  (1195, 10701, 71, 21.50000, 20, 0.15000),
  (1196, 10701, 76, 18.00000, 35, 0.15000),
  (1197, 10702, 3, 10.00000, 6, 0.00000),
  (1198, 10702, 76, 18.00000, 15, 0.00000),
  (1199, 10703, 2, 19.00000, 5, 0.00000),
  (1200, 10703, 59, 55.00000, 35, 0.00000),
  (1201, 10703, 73, 15.00000, 35, 0.00000),
  (1202, 10704, 4, 22.00000, 6, 0.00000),
  (1203, 10704, 24, 4.50000, 35, 0.00000),
  (1204, 10704, 48, 12.75000, 24, 0.00000),
  (1205, 10705, 31, 12.50000, 20, 0.00000),
  (1206, 10705, 32, 32.00000, 4, 0.00000),
  (1207, 10706, 16, 17.45000, 20, 0.00000),
  (1208, 10706, 43, 46.00000, 24, 0.00000),
  (1209, 10706, 59, 55.00000, 8, 0.00000),
  (1210, 10707, 55, 24.00000, 21, 0.00000),
  (1211, 10707, 57, 19.50000, 40, 0.00000),
  (1212, 10707, 70, 15.00000, 28, 0.15000),
  (1213, 10708, 5, 21.35000, 4, 0.00000),
  (1214, 10708, 36, 19.00000, 5, 0.00000),
  (1215, 10709, 8, 40.00000, 40, 0.00000),
  (1216, 10709, 51, 53.00000, 28, 0.00000),
  (1217, 10709, 60, 34.00000, 10, 0.00000),
  (1218, 10710, 19, 9.20000, 5, 0.00000),
  (1219, 10710, 47, 9.50000, 5, 0.00000),
  (1220, 10711, 19, 9.20000, 12, 0.00000),
  (1221, 10711, 41, 9.65000, 42, 0.00000),
  (1222, 10711, 53, 32.80000, 120, 0.00000),
  (1223, 10712, 53, 32.80000, 3, 0.05000),
  (1224, 10712, 56, 38.00000, 30, 0.00000),
  (1225, 10713, 10, 31.00000, 18, 0.00000),
  (1226, 10713, 26, 31.23000, 30, 0.00000),
  (1227, 10713, 45, 9.50000, 110, 0.00000),
  (1228, 10713, 46, 12.00000, 24, 0.00000),
  (1229, 10714, 2, 19.00000, 30, 0.25000),
  (1230, 10714, 17, 39.00000, 27, 0.25000),
  (1231, 10714, 47, 9.50000, 50, 0.25000),
  (1232, 10714, 56, 38.00000, 18, 0.25000),
  (1233, 10714, 58, 13.25000, 12, 0.25000),
  (1234, 10715, 10, 31.00000, 21, 0.00000),
  (1235, 10715, 71, 21.50000, 30, 0.00000),
  (1236, 10716, 21, 10.00000, 5, 0.00000),
  (1237, 10716, 51, 53.00000, 7, 0.00000),
  (1238, 10716, 61, 28.50000, 10, 0.00000),
  (1239, 10717, 21, 10.00000, 32, 0.05000),
  (1240, 10717, 54, 7.45000, 15, 0.00000),
  (1241, 10717, 69, 36.00000, 25, 0.05000),
  (1242, 10718, 12, 38.00000, 36, 0.00000),
  (1243, 10718, 16, 17.45000, 20, 0.00000),
  (1244, 10718, 36, 19.00000, 40, 0.00000),
  (1245, 10718, 62, 49.30000, 20, 0.00000),
  (1246, 10719, 18, 62.50000, 12, 0.25000),
  (1247, 10719, 30, 25.89000, 3, 0.25000),
  (1248, 10719, 54, 7.45000, 40, 0.25000),
  (1249, 10720, 35, 18.00000, 21, 0.00000),
  (1250, 10720, 71, 21.50000, 8, 0.00000),
  (1251, 10721, 44, 19.45000, 50, 0.05000),
  (1252, 10722, 2, 19.00000, 3, 0.00000),
  (1253, 10722, 31, 12.50000, 50, 0.00000),
  (1254, 10722, 68, 12.50000, 45, 0.00000),
  (1255, 10722, 75, 7.75000, 42, 0.00000),
  (1256, 10723, 26, 31.23000, 15, 0.00000),
  (1257, 10724, 10, 31.00000, 16, 0.00000),
  (1258, 10724, 61, 28.50000, 5, 0.00000),
  (1259, 10725, 41, 9.65000, 12, 0.00000),
  (1260, 10725, 52, 7.00000, 4, 0.00000),
  (1261, 10725, 55, 24.00000, 6, 0.00000),
  (1262, 10726, 4, 22.00000, 25, 0.00000),
  (1263, 10726, 11, 21.00000, 5, 0.00000),
  (1264, 10727, 17, 39.00000, 20, 0.05000),
  (1265, 10727, 56, 38.00000, 10, 0.05000),
  (1266, 10727, 59, 55.00000, 10, 0.05000),
  (1267, 10728, 30, 25.89000, 15, 0.00000),
  (1268, 10728, 40, 18.40000, 6, 0.00000),
  (1269, 10728, 55, 24.00000, 12, 0.00000),
  (1270, 10728, 60, 34.00000, 15, 0.00000),
  (1271, 10729, 1, 18.00000, 50, 0.00000),
  (1272, 10729, 21, 10.00000, 30, 0.00000),
  (1273, 10729, 50, 16.25000, 40, 0.00000),
  (1274, 10730, 16, 17.45000, 15, 0.05000),
  (1275, 10730, 31, 12.50000, 3, 0.05000),
  (1276, 10730, 65, 21.05000, 10, 0.05000),
  (1277, 10731, 21, 10.00000, 40, 0.05000),
  (1278, 10731, 51, 53.00000, 30, 0.05000),
  (1279, 10732, 76, 18.00000, 20, 0.00000),
  (1280, 10733, 14, 23.25000, 16, 0.00000),
  (1281, 10733, 28, 45.60000, 20, 0.00000),
  (1282, 10733, 52, 7.00000, 25, 0.00000),
  (1283, 10734, 6, 25.00000, 30, 0.00000),
  (1284, 10734, 30, 25.89000, 15, 0.00000),
  (1285, 10734, 76, 18.00000, 20, 0.00000),
  (1286, 10735, 61, 28.50000, 20, 0.10000),
  (1287, 10735, 77, 13.00000, 2, 0.10000),
  (1288, 10736, 65, 21.05000, 40, 0.00000),
  (1289, 10736, 75, 7.75000, 20, 0.00000),
  (1290, 10737, 13, 6.00000, 4, 0.00000),
  (1291, 10737, 41, 9.65000, 12, 0.00000),
  (1292, 10738, 16, 17.45000, 3, 0.00000),
  (1293, 10739, 36, 19.00000, 6, 0.00000),
  (1294, 10739, 52, 7.00000, 18, 0.00000),
  (1295, 10740, 28, 45.60000, 5, 0.20000),
  (1296, 10740, 35, 18.00000, 35, 0.20000),
  (1297, 10740, 45, 9.50000, 40, 0.20000),
  (1298, 10740, 56, 38.00000, 14, 0.20000),
  (1299, 10741, 2, 19.00000, 15, 0.20000),
  (1300, 10742, 3, 10.00000, 20, 0.00000),
  (1301, 10742, 60, 34.00000, 50, 0.00000),
  (1302, 10742, 72, 34.80000, 35, 0.00000),
  (1303, 10743, 46, 12.00000, 28, 0.05000),
  (1304, 10744, 40, 18.40000, 50, 0.20000),
  (1305, 10745, 18, 62.50000, 24, 0.00000),
  (1306, 10745, 44, 19.45000, 16, 0.00000),
  (1307, 10745, 59, 55.00000, 45, 0.00000),
  (1308, 10745, 72, 34.80000, 7, 0.00000),
  (1309, 10746, 13, 6.00000, 6, 0.00000),
  (1310, 10746, 42, 14.00000, 28, 0.00000),
  (1311, 10746, 62, 49.30000, 9, 0.00000),
  (1312, 10746, 69, 36.00000, 40, 0.00000),
  (1313, 10747, 31, 12.50000, 8, 0.00000),
  (1314, 10747, 41, 9.65000, 35, 0.00000),
  (1315, 10747, 63, 43.90000, 9, 0.00000),
  (1316, 10747, 69, 36.00000, 30, 0.00000),
  (1317, 10748, 23, 9.00000, 44, 0.00000),
  (1318, 10748, 40, 18.40000, 40, 0.00000),
  (1319, 10748, 56, 38.00000, 28, 0.00000),
  (1320, 10749, 56, 38.00000, 15, 0.00000),
  (1321, 10749, 59, 55.00000, 6, 0.00000),
  (1322, 10749, 76, 18.00000, 10, 0.00000),
  (1323, 10750, 14, 23.25000, 5, 0.15000),
  (1324, 10750, 45, 9.50000, 40, 0.15000),
  (1325, 10750, 59, 55.00000, 25, 0.15000),
  (1326, 10751, 26, 31.23000, 12, 0.10000),
  (1327, 10751, 30, 25.89000, 30, 0.00000),
  (1328, 10751, 50, 16.25000, 20, 0.10000),
  (1329, 10751, 73, 15.00000, 15, 0.00000),
  (1330, 10752, 1, 18.00000, 8, 0.00000),
  (1331, 10752, 69, 36.00000, 3, 0.00000),
  (1332, 10753, 45, 9.50000, 4, 0.00000),
  (1333, 10753, 74, 10.00000, 5, 0.00000),
  (1334, 10754, 40, 18.40000, 3, 0.00000),
  (1335, 10755, 47, 9.50000, 30, 0.25000),
  (1336, 10755, 56, 38.00000, 30, 0.25000),
  (1337, 10755, 57, 19.50000, 14, 0.25000),
  (1338, 10755, 69, 36.00000, 25, 0.25000),
  (1339, 10756, 18, 62.50000, 21, 0.20000),
  (1340, 10756, 36, 19.00000, 20, 0.20000),
  (1341, 10756, 68, 12.50000, 6, 0.20000),
  (1342, 10756, 69, 36.00000, 20, 0.20000),
  (1343, 10757, 34, 14.00000, 30, 0.00000),
  (1344, 10757, 59, 55.00000, 7, 0.00000),
  (1345, 10757, 62, 49.30000, 30, 0.00000),
  (1346, 10757, 64, 33.25000, 24, 0.00000),
  (1347, 10758, 26, 31.23000, 20, 0.00000),
  (1348, 10758, 52, 7.00000, 60, 0.00000),
  (1349, 10758, 70, 15.00000, 40, 0.00000),
  (1350, 10759, 32, 32.00000, 10, 0.00000),
  (1351, 10760, 25, 14.00000, 12, 0.25000),
  (1352, 10760, 27, 43.90000, 40, 0.00000),
  (1353, 10760, 43, 46.00000, 30, 0.25000),
  (1354, 10761, 25, 14.00000, 35, 0.25000),
  (1355, 10761, 75, 7.75000, 18, 0.00000),
  (1356, 10762, 39, 18.00000, 16, 0.00000),
  (1357, 10762, 47, 9.50000, 30, 0.00000),
  (1358, 10762, 51, 53.00000, 28, 0.00000),
  (1359, 10762, 56, 38.00000, 60, 0.00000),
  (1360, 10763, 21, 10.00000, 40, 0.00000),
  (1361, 10763, 22, 21.00000, 6, 0.00000),
  (1362, 10763, 24, 4.50000, 20, 0.00000),
  (1363, 10764, 3, 10.00000, 20, 0.10000),
  (1364, 10764, 39, 18.00000, 130, 0.10000),
  (1365, 10765, 65, 21.05000, 80, 0.10000),
  (1366, 10766, 2, 19.00000, 40, 0.00000),
  (1367, 10766, 7, 30.00000, 35, 0.00000),
  (1368, 10766, 68, 12.50000, 40, 0.00000),
  (1369, 10767, 42, 14.00000, 2, 0.00000),
  (1370, 10768, 22, 21.00000, 4, 0.00000),
  (1371, 10768, 31, 12.50000, 50, 0.00000),
  (1372, 10768, 60, 34.00000, 15, 0.00000),
  (1373, 10768, 71, 21.50000, 12, 0.00000),
  (1374, 10769, 41, 9.65000, 30, 0.05000),
  (1375, 10769, 52, 7.00000, 15, 0.05000),
  (1376, 10769, 61, 28.50000, 20, 0.00000),
  (1377, 10769, 62, 49.30000, 15, 0.00000),
  (1378, 10770, 11, 21.00000, 15, 0.25000),
  (1379, 10771, 71, 21.50000, 16, 0.00000),
  (1380, 10772, 29, 123.79000, 18, 0.00000),
  (1381, 10772, 59, 55.00000, 25, 0.00000),
  (1382, 10773, 17, 39.00000, 33, 0.00000),
  (1383, 10773, 31, 12.50000, 70, 0.20000),
  (1384, 10773, 75, 7.75000, 7, 0.20000),
  (1385, 10774, 31, 12.50000, 2, 0.25000),
  (1386, 10774, 66, 17.00000, 50, 0.00000),
  (1387, 10775, 10, 31.00000, 6, 0.00000),
  (1388, 10775, 67, 14.00000, 3, 0.00000),
  (1389, 10776, 31, 12.50000, 16, 0.05000),
  (1390, 10776, 42, 14.00000, 12, 0.05000),
  (1391, 10776, 45, 9.50000, 27, 0.05000),
  (1392, 10776, 51, 53.00000, 120, 0.05000),
  (1393, 10777, 42, 14.00000, 20, 0.20000),
  (1394, 10778, 41, 9.65000, 10, 0.00000),
  (1395, 10779, 16, 17.45000, 20, 0.00000),
  (1396, 10779, 62, 49.30000, 20, 0.00000),
  (1397, 10780, 70, 15.00000, 35, 0.00000),
  (1398, 10780, 77, 13.00000, 15, 0.00000),
  (1399, 10781, 54, 7.45000, 3, 0.20000),
  (1400, 10781, 56, 38.00000, 20, 0.20000),
  (1401, 10781, 74, 10.00000, 35, 0.00000),
  (1402, 10782, 31, 12.50000, 1, 0.00000),
  (1403, 10783, 31, 12.50000, 10, 0.00000),
  (1404, 10783, 38, 263.50000, 5, 0.00000),
  (1405, 10784, 36, 19.00000, 30, 0.00000),
  (1406, 10784, 39, 18.00000, 2, 0.15000),
  (1407, 10784, 72, 34.80000, 30, 0.15000),
  (1408, 10785, 10, 31.00000, 10, 0.00000),
  (1409, 10785, 75, 7.75000, 10, 0.00000),
  (1410, 10786, 8, 40.00000, 30, 0.20000),
  (1411, 10786, 30, 25.89000, 15, 0.20000),
  (1412, 10786, 75, 7.75000, 42, 0.20000),
  (1413, 10787, 2, 19.00000, 15, 0.05000),
  (1414, 10787, 29, 123.79000, 20, 0.05000),
  (1415, 10788, 19, 9.20000, 50, 0.05000),
  (1416, 10788, 75, 7.75000, 40, 0.05000),
  (1417, 10789, 18, 62.50000, 30, 0.00000),
  (1418, 10789, 35, 18.00000, 15, 0.00000),
  (1419, 10789, 63, 43.90000, 30, 0.00000),
  (1420, 10789, 68, 12.50000, 18, 0.00000),
  (1421, 10790, 7, 30.00000, 3, 0.15000),
  (1422, 10790, 56, 38.00000, 20, 0.15000),
  (1423, 10791, 29, 123.79000, 14, 0.05000),
  (1424, 10791, 41, 9.65000, 20, 0.05000),
  (1425, 10792, 2, 19.00000, 10, 0.00000),
  (1426, 10792, 54, 7.45000, 3, 0.00000),
  (1427, 10792, 68, 12.50000, 15, 0.00000),
  (1428, 10793, 41, 9.65000, 14, 0.00000),
  (1429, 10793, 52, 7.00000, 8, 0.00000),
  (1430, 10794, 14, 23.25000, 15, 0.20000),
  (1431, 10794, 54, 7.45000, 6, 0.20000),
  (1432, 10795, 16, 17.45000, 65, 0.00000),
  (1433, 10795, 17, 39.00000, 35, 0.25000),
  (1434, 10796, 26, 31.23000, 21, 0.20000),
  (1435, 10796, 44, 19.45000, 10, 0.00000),
  (1436, 10796, 64, 33.25000, 35, 0.20000),
  (1437, 10796, 69, 36.00000, 24, 0.20000),
  (1438, 10797, 11, 21.00000, 20, 0.00000),
  (1439, 10798, 62, 49.30000, 2, 0.00000),
  (1440, 10798, 72, 34.80000, 10, 0.00000),
  (1441, 10799, 13, 6.00000, 20, 0.15000),
  (1442, 10799, 24, 4.50000, 20, 0.15000),
  (1443, 10799, 59, 55.00000, 25, 0.00000),
  (1444, 10800, 11, 21.00000, 50, 0.10000),
  (1445, 10800, 51, 53.00000, 10, 0.10000),
  (1446, 10800, 54, 7.45000, 7, 0.10000),
  (1447, 10801, 17, 39.00000, 40, 0.25000),
  (1448, 10801, 29, 123.79000, 20, 0.25000),
  (1449, 10802, 30, 25.89000, 25, 0.25000),
  (1450, 10802, 51, 53.00000, 30, 0.25000),
  (1451, 10802, 55, 24.00000, 60, 0.25000),
  (1452, 10802, 62, 49.30000, 5, 0.25000),
  (1453, 10803, 19, 9.20000, 24, 0.05000),
  (1454, 10803, 25, 14.00000, 15, 0.05000),
  (1455, 10803, 59, 55.00000, 15, 0.05000),
  (1456, 10804, 10, 31.00000, 36, 0.00000),
  (1457, 10804, 28, 45.60000, 24, 0.00000),
  (1458, 10804, 49, 20.00000, 4, 0.15000),
  (1459, 10805, 34, 14.00000, 10, 0.00000),
  (1460, 10805, 38, 263.50000, 10, 0.00000),
  (1461, 10806, 2, 19.00000, 20, 0.25000),
  (1462, 10806, 65, 21.05000, 2, 0.00000),
  (1463, 10806, 74, 10.00000, 15, 0.25000),
  (1464, 10807, 40, 18.40000, 1, 0.00000),
  (1465, 10808, 56, 38.00000, 20, 0.15000),
  (1466, 10808, 76, 18.00000, 50, 0.15000),
  (1467, 10809, 52, 7.00000, 20, 0.00000),
  (1468, 10810, 13, 6.00000, 7, 0.00000),
  (1469, 10810, 25, 14.00000, 5, 0.00000),
  (1470, 10810, 70, 15.00000, 5, 0.00000),
  (1471, 10811, 19, 9.20000, 15, 0.00000),
  (1472, 10811, 23, 9.00000, 18, 0.00000),
  (1473, 10811, 40, 18.40000, 30, 0.00000),
  (1474, 10812, 31, 12.50000, 16, 0.10000),
  (1475, 10812, 72, 34.80000, 40, 0.10000),
  (1476, 10812, 77, 13.00000, 20, 0.00000),
  (1477, 10813, 2, 19.00000, 12, 0.20000),
  (1478, 10813, 46, 12.00000, 35, 0.00000),
  (1479, 10814, 41, 9.65000, 20, 0.00000),
  (1480, 10814, 43, 46.00000, 20, 0.15000),
  (1481, 10814, 48, 12.75000, 8, 0.15000),
  (1482, 10814, 61, 28.50000, 30, 0.15000),
  (1483, 10815, 33, 2.50000, 16, 0.00000),
  (1484, 10816, 38, 263.50000, 30, 0.05000),
  (1485, 10816, 62, 49.30000, 20, 0.05000),
  (1486, 10817, 26, 31.23000, 40, 0.15000),
  (1487, 10817, 38, 263.50000, 30, 0.00000),
  (1488, 10817, 40, 18.40000, 60, 0.15000),
  (1489, 10817, 62, 49.30000, 25, 0.15000),
  (1490, 10818, 32, 32.00000, 20, 0.00000),
  (1491, 10818, 41, 9.65000, 20, 0.00000),
  (1492, 10819, 43, 46.00000, 7, 0.00000),
  (1493, 10819, 75, 7.75000, 20, 0.00000),
  (1494, 10820, 56, 38.00000, 30, 0.00000),
  (1495, 10821, 35, 18.00000, 20, 0.00000),
  (1496, 10821, 51, 53.00000, 6, 0.00000),
  (1497, 10822, 62, 49.30000, 3, 0.00000),
  (1498, 10822, 70, 15.00000, 6, 0.00000),
  (1499, 10823, 11, 21.00000, 20, 0.10000),
  (1500, 10823, 57, 19.50000, 15, 0.00000),
  (1501, 10823, 59, 55.00000, 40, 0.10000),
  (1502, 10823, 77, 13.00000, 15, 0.10000),
  (1503, 10824, 41, 9.65000, 12, 0.00000),
  (1504, 10824, 70, 15.00000, 9, 0.00000),
  (1505, 10825, 26, 31.23000, 12, 0.00000),
  (1506, 10825, 53, 32.80000, 20, 0.00000),
  (1507, 10826, 31, 12.50000, 35, 0.00000),
  (1508, 10826, 57, 19.50000, 15, 0.00000),
  (1509, 10827, 10, 31.00000, 15, 0.00000),
  (1510, 10827, 39, 18.00000, 21, 0.00000),
  (1511, 10828, 20, 81.00000, 5, 0.00000),
  (1512, 10828, 38, 263.50000, 2, 0.00000),
  (1513, 10829, 2, 19.00000, 10, 0.00000),
  (1514, 10829, 8, 40.00000, 20, 0.00000),
  (1515, 10829, 13, 6.00000, 10, 0.00000),
  (1516, 10829, 60, 34.00000, 21, 0.00000),
  (1517, 10830, 6, 25.00000, 6, 0.00000),
  (1518, 10830, 39, 18.00000, 28, 0.00000),
  (1519, 10830, 60, 34.00000, 30, 0.00000),
  (1520, 10830, 68, 12.50000, 24, 0.00000),
  (1521, 10831, 19, 9.20000, 2, 0.00000),
  (1522, 10831, 35, 18.00000, 8, 0.00000),
  (1523, 10831, 38, 263.50000, 8, 0.00000),
  (1524, 10831, 43, 46.00000, 9, 0.00000),
  (1525, 10832, 13, 6.00000, 3, 0.20000),
  (1526, 10832, 25, 14.00000, 10, 0.20000),
  (1527, 10832, 44, 19.45000, 16, 0.20000),
  (1528, 10832, 64, 33.25000, 3, 0.00000),
  (1529, 10833, 7, 30.00000, 20, 0.10000),
  (1530, 10833, 31, 12.50000, 9, 0.10000),
  (1531, 10833, 53, 32.80000, 9, 0.10000),
  (1532, 10834, 29, 123.79000, 8, 0.05000),
  (1533, 10834, 30, 25.89000, 20, 0.05000),
  (1534, 10835, 59, 55.00000, 15, 0.00000),
  (1535, 10835, 77, 13.00000, 2, 0.20000),
  (1536, 10836, 22, 21.00000, 52, 0.00000),
  (1537, 10836, 35, 18.00000, 6, 0.00000),
  (1538, 10836, 57, 19.50000, 24, 0.00000),
  (1539, 10836, 60, 34.00000, 60, 0.00000),
  (1540, 10836, 64, 33.25000, 30, 0.00000),
  (1541, 10837, 13, 6.00000, 6, 0.00000),
  (1542, 10837, 40, 18.40000, 25, 0.00000),
  (1543, 10837, 47, 9.50000, 40, 0.25000),
  (1544, 10837, 76, 18.00000, 21, 0.25000),
  (1545, 10838, 1, 18.00000, 4, 0.25000),
  (1546, 10838, 18, 62.50000, 25, 0.25000),
  (1547, 10838, 36, 19.00000, 50, 0.25000),
  (1548, 10839, 58, 13.25000, 30, 0.10000),
  (1549, 10839, 72, 34.80000, 15, 0.10000),
  (1550, 10840, 25, 14.00000, 6, 0.20000),
  (1551, 10840, 39, 18.00000, 10, 0.20000),
  (1552, 10841, 10, 31.00000, 16, 0.00000),
  (1553, 10841, 56, 38.00000, 30, 0.00000),
  (1554, 10841, 59, 55.00000, 50, 0.00000),
  (1555, 10841, 77, 13.00000, 15, 0.00000),
  (1556, 10842, 11, 21.00000, 15, 0.00000),
  (1557, 10842, 43, 46.00000, 5, 0.00000),
  (1558, 10842, 68, 12.50000, 20, 0.00000),
  (1559, 10842, 70, 15.00000, 12, 0.00000),
  (1560, 10843, 51, 53.00000, 4, 0.25000),
  (1561, 10844, 22, 21.00000, 35, 0.00000),
  (1562, 10845, 23, 9.00000, 70, 0.10000),
  (1563, 10845, 35, 18.00000, 25, 0.10000),
  (1564, 10845, 42, 14.00000, 42, 0.10000),
  (1565, 10845, 58, 13.25000, 60, 0.10000),
  (1566, 10845, 64, 33.25000, 48, 0.00000),
  (1567, 10846, 4, 22.00000, 21, 0.00000),
  (1568, 10846, 70, 15.00000, 30, 0.00000),
  (1569, 10846, 74, 10.00000, 20, 0.00000),
  (1570, 10847, 1, 18.00000, 80, 0.20000),
  (1571, 10847, 19, 9.20000, 12, 0.20000),
  (1572, 10847, 37, 26.00000, 60, 0.20000),
  (1573, 10847, 45, 9.50000, 36, 0.20000),
  (1574, 10847, 60, 34.00000, 45, 0.20000),
  (1575, 10847, 71, 21.50000, 55, 0.20000),
  (1576, 10848, 5, 21.35000, 30, 0.00000),
  (1577, 10848, 9, 97.00000, 3, 0.00000),
  (1578, 10849, 3, 10.00000, 49, 0.00000),
  (1579, 10849, 26, 31.23000, 18, 0.15000),
  (1580, 10850, 25, 14.00000, 20, 0.15000),
  (1581, 10850, 33, 2.50000, 4, 0.15000),
  (1582, 10850, 70, 15.00000, 30, 0.15000),
  (1583, 10851, 2, 19.00000, 5, 0.05000),
  (1584, 10851, 25, 14.00000, 10, 0.05000),
  (1585, 10851, 57, 19.50000, 10, 0.05000),
  (1586, 10851, 59, 55.00000, 42, 0.05000),
  (1587, 10852, 2, 19.00000, 15, 0.00000),
  (1588, 10852, 17, 39.00000, 6, 0.00000),
  (1589, 10852, 62, 49.30000, 50, 0.00000),
  (1590, 10853, 18, 62.50000, 10, 0.00000),
  (1591, 10854, 10, 31.00000, 100, 0.15000),
  (1592, 10854, 13, 6.00000, 65, 0.15000),
  (1593, 10855, 16, 17.45000, 50, 0.00000),
  (1594, 10855, 31, 12.50000, 14, 0.00000),
  (1595, 10855, 56, 38.00000, 24, 0.00000),
  (1596, 10855, 65, 21.05000, 15, 0.15000),
  (1597, 10856, 2, 19.00000, 20, 0.00000),
  (1598, 10856, 42, 14.00000, 20, 0.00000),
  (1599, 10857, 3, 10.00000, 30, 0.00000),
  (1600, 10857, 26, 31.23000, 35, 0.25000),
  (1601, 10857, 29, 123.79000, 10, 0.25000),
  (1602, 10858, 7, 30.00000, 5, 0.00000),
  (1603, 10858, 27, 43.90000, 10, 0.00000),
  (1604, 10858, 70, 15.00000, 4, 0.00000),
  (1605, 10859, 24, 4.50000, 40, 0.25000),
  (1606, 10859, 54, 7.45000, 35, 0.25000),
  (1607, 10859, 64, 33.25000, 30, 0.25000),
  (1608, 10860, 51, 53.00000, 3, 0.00000),
  (1609, 10860, 76, 18.00000, 20, 0.00000),
  (1610, 10861, 17, 39.00000, 42, 0.00000),
  (1611, 10861, 18, 62.50000, 20, 0.00000),
  (1612, 10861, 21, 10.00000, 40, 0.00000),
  (1613, 10861, 33, 2.50000, 35, 0.00000),
  (1614, 10861, 62, 49.30000, 3, 0.00000),
  (1615, 10862, 11, 21.00000, 25, 0.00000),
  (1616, 10862, 52, 7.00000, 8, 0.00000),
  (1617, 10863, 1, 18.00000, 20, 0.15000),
  (1618, 10863, 58, 13.25000, 12, 0.15000),
  (1619, 10864, 35, 18.00000, 4, 0.00000),
  (1620, 10864, 67, 14.00000, 15, 0.00000),
  (1621, 10865, 38, 263.50000, 60, 0.05000),
  (1622, 10865, 39, 18.00000, 80, 0.05000),
  (1623, 10866, 2, 19.00000, 21, 0.25000),
  (1624, 10866, 24, 4.50000, 6, 0.25000),
  (1625, 10866, 30, 25.89000, 40, 0.25000),
  (1626, 10867, 53, 32.80000, 3, 0.00000),
  (1627, 10868, 26, 31.23000, 20, 0.00000),
  (1628, 10868, 35, 18.00000, 30, 0.00000),
  (1629, 10868, 49, 20.00000, 42, 0.10000),
  (1630, 10869, 1, 18.00000, 40, 0.00000),
  (1631, 10869, 11, 21.00000, 10, 0.00000),
  (1632, 10869, 23, 9.00000, 50, 0.00000),
  (1633, 10869, 68, 12.50000, 20, 0.00000),
  (1634, 10870, 35, 18.00000, 3, 0.00000),
  (1635, 10870, 51, 53.00000, 2, 0.00000),
  (1636, 10871, 6, 25.00000, 50, 0.05000),
  (1637, 10871, 16, 17.45000, 12, 0.05000),
  (1638, 10871, 17, 39.00000, 16, 0.05000),
  (1639, 10872, 55, 24.00000, 10, 0.05000),
  (1640, 10872, 62, 49.30000, 20, 0.05000),
  (1641, 10872, 64, 33.25000, 15, 0.05000),
  (1642, 10872, 65, 21.05000, 21, 0.05000),
  (1643, 10873, 21, 10.00000, 20, 0.00000),
  (1644, 10873, 28, 45.60000, 3, 0.00000),
  (1645, 10874, 10, 31.00000, 10, 0.00000),
  (1646, 10875, 19, 9.20000, 25, 0.00000),
  (1647, 10875, 47, 9.50000, 21, 0.10000),
  (1648, 10875, 49, 20.00000, 15, 0.00000),
  (1649, 10876, 46, 12.00000, 21, 0.00000),
  (1650, 10876, 64, 33.25000, 20, 0.00000),
  (1651, 10877, 16, 17.45000, 30, 0.25000),
  (1652, 10877, 18, 62.50000, 25, 0.00000),
  (1653, 10878, 20, 81.00000, 20, 0.05000),
  (1654, 10879, 40, 18.40000, 12, 0.00000),
  (1655, 10879, 65, 21.05000, 10, 0.00000),
  (1656, 10879, 76, 18.00000, 10, 0.00000),
  (1657, 10880, 23, 9.00000, 30, 0.20000),
  (1658, 10880, 61, 28.50000, 30, 0.20000),
  (1659, 10880, 70, 15.00000, 50, 0.20000),
  (1660, 10881, 73, 15.00000, 10, 0.00000),
  (1661, 10882, 42, 14.00000, 25, 0.00000),
  (1662, 10882, 49, 20.00000, 20, 0.15000),
  (1663, 10882, 54, 7.45000, 32, 0.15000),
  (1664, 10883, 24, 4.50000, 8, 0.00000),
  (1665, 10884, 21, 10.00000, 40, 0.05000),
  (1666, 10884, 56, 38.00000, 21, 0.05000),
  (1667, 10884, 65, 21.05000, 12, 0.05000),
  (1668, 10885, 2, 19.00000, 20, 0.00000),
  (1669, 10885, 24, 4.50000, 12, 0.00000),
  (1670, 10885, 70, 15.00000, 30, 0.00000),
  (1671, 10885, 77, 13.00000, 25, 0.00000),
  (1672, 10886, 10, 31.00000, 70, 0.00000),
  (1673, 10886, 31, 12.50000, 35, 0.00000),
  (1674, 10886, 77, 13.00000, 40, 0.00000),
  (1675, 10887, 25, 14.00000, 5, 0.00000),
  (1676, 10888, 2, 19.00000, 20, 0.00000),
  (1677, 10888, 68, 12.50000, 18, 0.00000),
  (1678, 10889, 11, 21.00000, 40, 0.00000),
  (1679, 10889, 38, 263.50000, 40, 0.00000),
  (1680, 10890, 17, 39.00000, 15, 0.00000),
  (1681, 10890, 34, 14.00000, 10, 0.00000),
  (1682, 10890, 41, 9.65000, 14, 0.00000),
  (1683, 10891, 30, 25.89000, 15, 0.05000),
  (1684, 10892, 59, 55.00000, 40, 0.05000),
  (1685, 10893, 8, 40.00000, 30, 0.00000),
  (1686, 10893, 24, 4.50000, 10, 0.00000),
  (1687, 10893, 29, 123.79000, 24, 0.00000),
  (1688, 10893, 30, 25.89000, 35, 0.00000),
  (1689, 10893, 36, 19.00000, 20, 0.00000),
  (1690, 10894, 13, 6.00000, 28, 0.05000),
  (1691, 10894, 69, 36.00000, 50, 0.05000),
  (1692, 10894, 75, 7.75000, 120, 0.05000),
  (1693, 10895, 24, 4.50000, 110, 0.00000),
  (1694, 10895, 39, 18.00000, 45, 0.00000),
  (1695, 10895, 40, 18.40000, 91, 0.00000),
  (1696, 10895, 60, 34.00000, 100, 0.00000),
  (1697, 10896, 45, 9.50000, 15, 0.00000),
  (1698, 10896, 56, 38.00000, 16, 0.00000),
  (1699, 10897, 29, 123.79000, 80, 0.00000),
  (1700, 10897, 30, 25.89000, 36, 0.00000),
  (1701, 10898, 13, 6.00000, 5, 0.00000),
  (1702, 10899, 39, 18.00000, 8, 0.15000),
  (1703, 10900, 70, 15.00000, 3, 0.25000),
  (1704, 10901, 41, 9.65000, 30, 0.00000),
  (1705, 10901, 71, 21.50000, 30, 0.00000),
  (1706, 10902, 55, 24.00000, 30, 0.15000),
  (1707, 10902, 62, 49.30000, 6, 0.15000),
  (1708, 10903, 13, 6.00000, 40, 0.00000),
  (1709, 10903, 65, 21.05000, 21, 0.00000),
  (1710, 10903, 68, 12.50000, 20, 0.00000),
  (1711, 10904, 58, 13.25000, 15, 0.00000),
  (1712, 10904, 62, 49.30000, 35, 0.00000),
  (1713, 10905, 1, 18.00000, 20, 0.05000),
  (1714, 10906, 61, 28.50000, 15, 0.00000),
  (1715, 10907, 75, 7.75000, 14, 0.00000),
  (1716, 10908, 7, 30.00000, 20, 0.05000),
  (1717, 10908, 52, 7.00000, 14, 0.05000),
  (1718, 10909, 7, 30.00000, 12, 0.00000),
  (1719, 10909, 16, 17.45000, 15, 0.00000),
  (1720, 10909, 41, 9.65000, 5, 0.00000),
  (1721, 10910, 19, 9.20000, 12, 0.00000),
  (1722, 10910, 49, 20.00000, 10, 0.00000),
  (1723, 10910, 61, 28.50000, 5, 0.00000),
  (1724, 10911, 1, 18.00000, 10, 0.00000),
  (1725, 10911, 17, 39.00000, 12, 0.00000),
  (1726, 10911, 67, 14.00000, 15, 0.00000),
  (1727, 10912, 11, 21.00000, 40, 0.25000),
  (1728, 10912, 29, 123.79000, 60, 0.25000),
  (1729, 10913, 4, 22.00000, 30, 0.25000),
  (1730, 10913, 33, 2.50000, 40, 0.25000),
  (1731, 10913, 58, 13.25000, 15, 0.00000),
  (1732, 10914, 71, 21.50000, 25, 0.00000),
  (1733, 10915, 17, 39.00000, 10, 0.00000),
  (1734, 10915, 33, 2.50000, 30, 0.00000),
  (1735, 10915, 54, 7.45000, 10, 0.00000),
  (1736, 10916, 16, 17.45000, 6, 0.00000),
  (1737, 10916, 32, 32.00000, 6, 0.00000),
  (1738, 10916, 57, 19.50000, 20, 0.00000),
  (1739, 10917, 30, 25.89000, 1, 0.00000),
  (1740, 10917, 60, 34.00000, 10, 0.00000),
  (1741, 10918, 1, 18.00000, 60, 0.25000),
  (1742, 10918, 60, 34.00000, 25, 0.25000),
  (1743, 10919, 16, 17.45000, 24, 0.00000),
  (1744, 10919, 25, 14.00000, 24, 0.00000),
  (1745, 10919, 40, 18.40000, 20, 0.00000),
  (1746, 10920, 50, 16.25000, 24, 0.00000),
  (1747, 10921, 35, 18.00000, 10, 0.00000),
  (1748, 10921, 63, 43.90000, 40, 0.00000),
  (1749, 10922, 17, 39.00000, 15, 0.00000),
  (1750, 10922, 24, 4.50000, 35, 0.00000),
  (1751, 10923, 42, 14.00000, 10, 0.20000),
  (1752, 10923, 43, 46.00000, 10, 0.20000),
  (1753, 10923, 67, 14.00000, 24, 0.20000),
  (1754, 10924, 10, 31.00000, 20, 0.10000),
  (1755, 10924, 28, 45.60000, 30, 0.10000),
  (1756, 10924, 75, 7.75000, 6, 0.00000),
  (1757, 10925, 36, 19.00000, 25, 0.15000),
  (1758, 10925, 52, 7.00000, 12, 0.15000),
  (1759, 10926, 11, 21.00000, 2, 0.00000),
  (1760, 10926, 13, 6.00000, 10, 0.00000),
  (1761, 10926, 19, 9.20000, 7, 0.00000),
  (1762, 10926, 72, 34.80000, 10, 0.00000),
  (1763, 10927, 20, 81.00000, 5, 0.00000),
  (1764, 10927, 52, 7.00000, 5, 0.00000),
  (1765, 10927, 76, 18.00000, 20, 0.00000),
  (1766, 10928, 47, 9.50000, 5, 0.00000),
  (1767, 10928, 76, 18.00000, 5, 0.00000),
  (1768, 10929, 21, 10.00000, 60, 0.00000),
  (1769, 10929, 75, 7.75000, 49, 0.00000),
  (1770, 10929, 77, 13.00000, 15, 0.00000),
  (1771, 10930, 21, 10.00000, 36, 0.00000),
  (1772, 10930, 27, 43.90000, 25, 0.00000),
  (1773, 10930, 55, 24.00000, 25, 0.20000),
  (1774, 10930, 58, 13.25000, 30, 0.20000),
  (1775, 10931, 13, 6.00000, 42, 0.15000),
  (1776, 10931, 57, 19.50000, 30, 0.00000),
  (1777, 10932, 16, 17.45000, 30, 0.10000),
  (1778, 10932, 62, 49.30000, 14, 0.10000),
  (1779, 10932, 72, 34.80000, 16, 0.00000),
  (1780, 10932, 75, 7.75000, 20, 0.10000),
  (1781, 10933, 53, 32.80000, 2, 0.00000),
  (1782, 10933, 61, 28.50000, 30, 0.00000),
  (1783, 10934, 6, 25.00000, 20, 0.00000),
  (1784, 10935, 1, 18.00000, 21, 0.00000),
  (1785, 10935, 18, 62.50000, 4, 0.25000),
  (1786, 10935, 23, 9.00000, 8, 0.25000),
  (1787, 10936, 36, 19.00000, 30, 0.20000),
  (1788, 10937, 28, 45.60000, 8, 0.00000),
  (1789, 10937, 34, 14.00000, 20, 0.00000),
  (1790, 10938, 13, 6.00000, 20, 0.25000),
  (1791, 10938, 43, 46.00000, 24, 0.25000),
  (1792, 10938, 60, 34.00000, 49, 0.25000),
  (1793, 10938, 71, 21.50000, 35, 0.25000),
  (1794, 10939, 2, 19.00000, 10, 0.15000),
  (1795, 10939, 67, 14.00000, 40, 0.15000),
  (1796, 10940, 7, 30.00000, 8, 0.00000),
  (1797, 10940, 13, 6.00000, 20, 0.00000),
  (1798, 10941, 31, 12.50000, 44, 0.25000),
  (1799, 10941, 62, 49.30000, 30, 0.25000),
  (1800, 10941, 68, 12.50000, 80, 0.25000),
  (1801, 10941, 72, 34.80000, 50, 0.00000),
  (1802, 10942, 49, 20.00000, 28, 0.00000),
  (1803, 10943, 13, 6.00000, 15, 0.00000),
  (1804, 10943, 22, 21.00000, 21, 0.00000),
  (1805, 10943, 46, 12.00000, 15, 0.00000),
  (1806, 10944, 11, 21.00000, 5, 0.25000),
  (1807, 10944, 44, 19.45000, 18, 0.25000),
  (1808, 10944, 56, 38.00000, 18, 0.00000),
  (1809, 10945, 13, 6.00000, 20, 0.00000),
  (1810, 10945, 31, 12.50000, 10, 0.00000),
  (1811, 10946, 10, 31.00000, 25, 0.00000),
  (1812, 10946, 24, 4.50000, 25, 0.00000),
  (1813, 10946, 77, 13.00000, 40, 0.00000),
  (1814, 10947, 59, 55.00000, 4, 0.00000),
  (1815, 10948, 50, 16.25000, 9, 0.00000),
  (1816, 10948, 51, 53.00000, 40, 0.00000),
  (1817, 10948, 55, 24.00000, 4, 0.00000),
  (1818, 10949, 6, 25.00000, 12, 0.00000),
  (1819, 10949, 10, 31.00000, 30, 0.00000),
  (1820, 10949, 17, 39.00000, 6, 0.00000),
  (1821, 10949, 62, 49.30000, 60, 0.00000),
  (1822, 10950, 4, 22.00000, 5, 0.00000),
  (1823, 10951, 33, 2.50000, 15, 0.05000),
  (1824, 10951, 41, 9.65000, 6, 0.05000),
  (1825, 10951, 75, 7.75000, 50, 0.05000),
  (1826, 10952, 6, 25.00000, 16, 0.05000),
  (1827, 10952, 28, 45.60000, 2, 0.00000),
  (1828, 10953, 20, 81.00000, 50, 0.05000),
  (1829, 10953, 31, 12.50000, 50, 0.05000),
  (1830, 10954, 16, 17.45000, 28, 0.15000),
  (1831, 10954, 31, 12.50000, 25, 0.15000),
  (1832, 10954, 45, 9.50000, 30, 0.00000),
  (1833, 10954, 60, 34.00000, 24, 0.15000),
  (1834, 10955, 75, 7.75000, 12, 0.20000),
  (1835, 10956, 21, 10.00000, 12, 0.00000),
  (1836, 10956, 47, 9.50000, 14, 0.00000),
  (1837, 10956, 51, 53.00000, 8, 0.00000),
  (1838, 10957, 30, 25.89000, 30, 0.00000),
  (1839, 10957, 35, 18.00000, 40, 0.00000),
  (1840, 10957, 64, 33.25000, 8, 0.00000),
  (1841, 10958, 5, 21.35000, 20, 0.00000),
  (1842, 10958, 7, 30.00000, 6, 0.00000),
  (1843, 10958, 72, 34.80000, 5, 0.00000),
  (1844, 10959, 75, 7.75000, 20, 0.15000),
  (1845, 10960, 24, 4.50000, 10, 0.25000),
  (1846, 10960, 41, 9.65000, 24, 0.00000),
  (1847, 10961, 52, 7.00000, 6, 0.05000),
  (1848, 10961, 76, 18.00000, 60, 0.00000),
  (1849, 10962, 7, 30.00000, 45, 0.00000),
  (1850, 10962, 13, 6.00000, 77, 0.00000),
  (1851, 10962, 53, 32.80000, 20, 0.00000),
  (1852, 10962, 69, 36.00000, 9, 0.00000),
  (1853, 10962, 76, 18.00000, 44, 0.00000),
  (1854, 10963, 60, 34.00000, 2, 0.15000),
  (1855, 10964, 18, 62.50000, 6, 0.00000),
  (1856, 10964, 38, 263.50000, 5, 0.00000),
  (1857, 10964, 69, 36.00000, 10, 0.00000),
  (1858, 10965, 51, 53.00000, 16, 0.00000),
  (1859, 10966, 37, 26.00000, 8, 0.00000),
  (1860, 10966, 56, 38.00000, 12, 0.15000),
  (1861, 10966, 62, 49.30000, 12, 0.15000),
  (1862, 10967, 19, 9.20000, 12, 0.00000),
  (1863, 10967, 49, 20.00000, 40, 0.00000),
  (1864, 10968, 12, 38.00000, 30, 0.00000),
  (1865, 10968, 24, 4.50000, 30, 0.00000),
  (1866, 10968, 64, 33.25000, 4, 0.00000),
  (1867, 10969, 46, 12.00000, 9, 0.00000),
  (1868, 10970, 52, 7.00000, 40, 0.20000),
  (1869, 10971, 29, 123.79000, 14, 0.00000),
  (1870, 10972, 17, 39.00000, 6, 0.00000),
  (1871, 10972, 33, 2.50000, 7, 0.00000),
  (1872, 10973, 26, 31.23000, 5, 0.00000),
  (1873, 10973, 41, 9.65000, 6, 0.00000),
  (1874, 10973, 75, 7.75000, 10, 0.00000),
  (1875, 10974, 63, 43.90000, 10, 0.00000),
  (1876, 10975, 8, 40.00000, 16, 0.00000),
  (1877, 10975, 75, 7.75000, 10, 0.00000),
  (1878, 10976, 28, 45.60000, 20, 0.00000),
  (1879, 10977, 39, 18.00000, 30, 0.00000),
  (1880, 10977, 47, 9.50000, 30, 0.00000),
  (1881, 10977, 51, 53.00000, 10, 0.00000),
  (1882, 10977, 63, 43.90000, 20, 0.00000),
  (1883, 10978, 8, 40.00000, 20, 0.15000),
  (1884, 10978, 21, 10.00000, 40, 0.15000),
  (1885, 10978, 40, 18.40000, 10, 0.00000),
  (1886, 10978, 44, 19.45000, 6, 0.15000),
  (1887, 10979, 7, 30.00000, 18, 0.00000),
  (1888, 10979, 12, 38.00000, 20, 0.00000),
  (1889, 10979, 24, 4.50000, 80, 0.00000),
  (1890, 10979, 27, 43.90000, 30, 0.00000),
  (1891, 10979, 31, 12.50000, 24, 0.00000),
  (1892, 10979, 63, 43.90000, 35, 0.00000),
  (1893, 10980, 75, 7.75000, 40, 0.20000),
  (1894, 10981, 38, 263.50000, 60, 0.00000),
  (1895, 10982, 7, 30.00000, 20, 0.00000),
  (1896, 10982, 43, 46.00000, 9, 0.00000),
  (1897, 10983, 13, 6.00000, 84, 0.15000),
  (1898, 10983, 57, 19.50000, 15, 0.00000),
  (1899, 10984, 16, 17.45000, 55, 0.00000),
  (1900, 10984, 24, 4.50000, 20, 0.00000),
  (1901, 10984, 36, 19.00000, 40, 0.00000),
  (1902, 10985, 16, 17.45000, 36, 0.10000),
  (1903, 10985, 18, 62.50000, 8, 0.10000),
  (1904, 10985, 32, 32.00000, 35, 0.10000),
  (1905, 10986, 11, 21.00000, 30, 0.00000),
  (1906, 10986, 20, 81.00000, 15, 0.00000),
  (1907, 10986, 76, 18.00000, 10, 0.00000),
  (1908, 10986, 77, 13.00000, 15, 0.00000),
  (1909, 10987, 7, 30.00000, 60, 0.00000),
  (1910, 10987, 43, 46.00000, 6, 0.00000),
  (1911, 10987, 72, 34.80000, 20, 0.00000),
  (1912, 10988, 7, 30.00000, 60, 0.00000),
  (1913, 10988, 62, 49.30000, 40, 0.10000),
  (1914, 10989, 6, 25.00000, 40, 0.00000),
  (1915, 10989, 11, 21.00000, 15, 0.00000),
  (1916, 10989, 41, 9.65000, 4, 0.00000),
  (1917, 10990, 21, 10.00000, 65, 0.00000),
  (1918, 10990, 34, 14.00000, 60, 0.15000),
  (1919, 10990, 55, 24.00000, 65, 0.15000),
  (1920, 10990, 61, 28.50000, 66, 0.15000),
  (1921, 10991, 2, 19.00000, 50, 0.20000),
  (1922, 10991, 70, 15.00000, 20, 0.20000),
  (1923, 10991, 76, 18.00000, 90, 0.20000),
  (1924, 10992, 72, 34.80000, 2, 0.00000),
  (1925, 10993, 29, 123.79000, 50, 0.25000),
  (1926, 10993, 41, 9.65000, 35, 0.25000),
  (1927, 10994, 59, 55.00000, 18, 0.05000),
  (1928, 10995, 51, 53.00000, 20, 0.00000),
  (1929, 10995, 60, 34.00000, 4, 0.00000),
  (1930, 10996, 42, 14.00000, 40, 0.00000),
  (1931, 10997, 32, 32.00000, 50, 0.00000),
  (1932, 10997, 46, 12.00000, 20, 0.25000),
  (1933, 10997, 52, 7.00000, 20, 0.25000),
  (1934, 10998, 24, 4.50000, 12, 0.00000),
  (1935, 10998, 61, 28.50000, 7, 0.00000),
  (1936, 10998, 74, 10.00000, 20, 0.00000),
  (1937, 10998, 75, 7.75000, 30, 0.00000),
  (1938, 10999, 41, 9.65000, 20, 0.05000),
  (1939, 10999, 51, 53.00000, 15, 0.05000),
  (1940, 10999, 77, 13.00000, 21, 0.05000),
  (1941, 11000, 4, 22.00000, 25, 0.25000),
  (1942, 11000, 24, 4.50000, 30, 0.25000),
  (1943, 11000, 77, 13.00000, 30, 0.00000),
  (1944, 11001, 7, 30.00000, 60, 0.00000),
  (1945, 11001, 22, 21.00000, 25, 0.00000),
  (1946, 11001, 46, 12.00000, 25, 0.00000),
  (1947, 11001, 55, 24.00000, 6, 0.00000),
  (1948, 11002, 13, 6.00000, 56, 0.00000),
  (1949, 11002, 35, 18.00000, 15, 0.15000),
  (1950, 11002, 42, 14.00000, 24, 0.15000),
  (1951, 11002, 55, 24.00000, 40, 0.00000),
  (1952, 11003, 1, 18.00000, 4, 0.00000),
  (1953, 11003, 40, 18.40000, 10, 0.00000),
  (1954, 11003, 52, 7.00000, 10, 0.00000),
  (1955, 11004, 26, 31.23000, 6, 0.00000),
  (1956, 11004, 76, 18.00000, 6, 0.00000),
  (1957, 11005, 1, 18.00000, 2, 0.00000),
  (1958, 11005, 59, 55.00000, 10, 0.00000),
  (1959, 11006, 1, 18.00000, 8, 0.00000),
  (1960, 11006, 29, 123.79000, 2, 0.25000),
  (1961, 11007, 8, 40.00000, 30, 0.00000),
  (1962, 11007, 29, 123.79000, 10, 0.00000),
  (1963, 11007, 42, 14.00000, 14, 0.00000),
  (1964, 11008, 28, 45.60000, 70, 0.05000),
  (1965, 11008, 34, 14.00000, 90, 0.05000),
  (1966, 11008, 71, 21.50000, 21, 0.00000),
  (1967, 11009, 24, 4.50000, 12, 0.00000),
  (1968, 11009, 36, 19.00000, 18, 0.25000),
  (1969, 11009, 60, 34.00000, 9, 0.00000),
  (1970, 11010, 7, 30.00000, 20, 0.00000),
  (1971, 11010, 24, 4.50000, 10, 0.00000),
  (1972, 11011, 58, 13.25000, 40, 0.05000),
  (1973, 11011, 71, 21.50000, 20, 0.00000),
  (1974, 11012, 19, 9.20000, 50, 0.05000),
  (1975, 11012, 60, 34.00000, 36, 0.05000),
  (1976, 11012, 71, 21.50000, 60, 0.05000),
  (1977, 11013, 23, 9.00000, 10, 0.00000),
  (1978, 11013, 42, 14.00000, 4, 0.00000),
  (1979, 11013, 45, 9.50000, 20, 0.00000),
  (1980, 11013, 68, 12.50000, 2, 0.00000),
  (1981, 11014, 41, 9.65000, 28, 0.10000),
  (1982, 11015, 30, 25.89000, 15, 0.00000),
  (1983, 11015, 77, 13.00000, 18, 0.00000),
  (1984, 11016, 31, 12.50000, 15, 0.00000),
  (1985, 11016, 36, 19.00000, 16, 0.00000),
  (1986, 11017, 3, 10.00000, 25, 0.00000),
  (1987, 11017, 59, 55.00000, 110, 0.00000),
  (1988, 11017, 70, 15.00000, 30, 0.00000),
  (1989, 11018, 12, 38.00000, 20, 0.00000),
  (1990, 11018, 18, 62.50000, 10, 0.00000),
  (1991, 11018, 56, 38.00000, 5, 0.00000),
  (1992, 11019, 46, 12.00000, 3, 0.00000),
  (1993, 11019, 49, 20.00000, 2, 0.00000),
  (1994, 11020, 10, 31.00000, 24, 0.15000),
  (1995, 11021, 2, 19.00000, 11, 0.25000),
  (1996, 11021, 20, 81.00000, 15, 0.00000),
  (1997, 11021, 26, 31.23000, 63, 0.00000),
  (1998, 11021, 51, 53.00000, 44, 0.25000),
  (1999, 11021, 72, 34.80000, 35, 0.00000),
  (2000, 11022, 19, 9.20000, 35, 0.00000),
  (2001, 11022, 69, 36.00000, 30, 0.00000),
  (2002, 11023, 7, 30.00000, 4, 0.00000),
  (2003, 11023, 43, 46.00000, 30, 0.00000),
  (2004, 11024, 26, 31.23000, 12, 0.00000),
  (2005, 11024, 33, 2.50000, 30, 0.00000),
  (2006, 11024, 65, 21.05000, 21, 0.00000),
  (2007, 11024, 71, 21.50000, 50, 0.00000),
  (2008, 11025, 1, 18.00000, 10, 0.10000),
  (2009, 11025, 13, 6.00000, 20, 0.10000),
  (2010, 11026, 18, 62.50000, 8, 0.00000),
  (2011, 11026, 51, 53.00000, 10, 0.00000),
  (2012, 11027, 24, 4.50000, 30, 0.25000),
  (2013, 11027, 62, 49.30000, 21, 0.25000),
  (2014, 11028, 55, 24.00000, 35, 0.00000),
  (2015, 11028, 59, 55.00000, 24, 0.00000),
  (2016, 11029, 56, 38.00000, 20, 0.00000),
  (2017, 11029, 63, 43.90000, 12, 0.00000),
  (2018, 11030, 2, 19.00000, 100, 0.25000),
  (2019, 11030, 5, 21.35000, 70, 0.00000),
  (2020, 11030, 29, 123.79000, 60, 0.25000),
  (2021, 11030, 59, 55.00000, 100, 0.25000),
  (2022, 11031, 1, 18.00000, 45, 0.00000),
  (2023, 11031, 13, 6.00000, 80, 0.00000),
  (2024, 11031, 24, 4.50000, 21, 0.00000),
  (2025, 11031, 64, 33.25000, 20, 0.00000),
  (2026, 11031, 71, 21.50000, 16, 0.00000),
  (2027, 11032, 36, 19.00000, 35, 0.00000),
  (2028, 11032, 38, 263.50000, 25, 0.00000),
  (2029, 11032, 59, 55.00000, 30, 0.00000),
  (2030, 11033, 53, 32.80000, 70, 0.10000),
  (2031, 11033, 69, 36.00000, 36, 0.10000),
  (2032, 11034, 21, 10.00000, 15, 0.10000),
  (2033, 11034, 44, 19.45000, 12, 0.00000),
  (2034, 11034, 61, 28.50000, 6, 0.00000),
  (2035, 11035, 1, 18.00000, 10, 0.00000),
  (2036, 11035, 35, 18.00000, 60, 0.00000),
  (2037, 11035, 42, 14.00000, 30, 0.00000),
  (2038, 11035, 54, 7.45000, 10, 0.00000),
  (2039, 11036, 13, 6.00000, 7, 0.00000),
  (2040, 11036, 59, 55.00000, 30, 0.00000),
  (2041, 11037, 70, 15.00000, 4, 0.00000),
  (2042, 11038, 40, 18.40000, 5, 0.20000),
  (2043, 11038, 52, 7.00000, 2, 0.00000),
  (2044, 11038, 71, 21.50000, 30, 0.00000),
  (2045, 11039, 28, 45.60000, 20, 0.00000),
  (2046, 11039, 35, 18.00000, 24, 0.00000),
  (2047, 11039, 49, 20.00000, 60, 0.00000),
  (2048, 11039, 57, 19.50000, 28, 0.00000),
  (2049, 11040, 21, 10.00000, 20, 0.00000),
  (2050, 11041, 2, 19.00000, 30, 0.20000),
  (2051, 11041, 63, 43.90000, 30, 0.00000),
  (2052, 11042, 44, 19.45000, 15, 0.00000),
  (2053, 11042, 61, 28.50000, 4, 0.00000),
  (2054, 11043, 11, 21.00000, 10, 0.00000),
  (2055, 11044, 62, 49.30000, 12, 0.00000),
  (2056, 11045, 33, 2.50000, 15, 0.00000),
  (2057, 11045, 51, 53.00000, 24, 0.00000),
  (2058, 11046, 12, 38.00000, 20, 0.05000),
  (2059, 11046, 32, 32.00000, 15, 0.05000),
  (2060, 11046, 35, 18.00000, 18, 0.05000),
  (2061, 11047, 1, 18.00000, 25, 0.25000),
  (2062, 11047, 5, 21.35000, 30, 0.25000),
  (2063, 11048, 68, 12.50000, 42, 0.00000),
  (2064, 11049, 2, 19.00000, 10, 0.20000),
  (2065, 11049, 12, 38.00000, 4, 0.20000),
  (2066, 11050, 76, 18.00000, 50, 0.10000),
  (2067, 11051, 24, 4.50000, 10, 0.20000),
  (2068, 11052, 43, 46.00000, 30, 0.20000),
  (2069, 11052, 61, 28.50000, 10, 0.20000),
  (2070, 11053, 18, 62.50000, 35, 0.20000),
  (2071, 11053, 32, 32.00000, 20, 0.00000),
  (2072, 11053, 64, 33.25000, 25, 0.20000),
  (2073, 11054, 33, 2.50000, 10, 0.00000),
  (2074, 11054, 67, 14.00000, 20, 0.00000),
  (2075, 11055, 24, 4.50000, 15, 0.00000),
  (2076, 11055, 25, 14.00000, 15, 0.00000),
  (2077, 11055, 51, 53.00000, 20, 0.00000),
  (2078, 11055, 57, 19.50000, 20, 0.00000),
  (2079, 11056, 7, 30.00000, 40, 0.00000),
  (2080, 11056, 55, 24.00000, 35, 0.00000),
  (2081, 11056, 60, 34.00000, 50, 0.00000),
  (2082, 11057, 70, 15.00000, 3, 0.00000),
  (2083, 11058, 21, 10.00000, 3, 0.00000),
  (2084, 11058, 60, 34.00000, 21, 0.00000),
  (2085, 11058, 61, 28.50000, 4, 0.00000),
  (2086, 11059, 13, 6.00000, 30, 0.00000),
  (2087, 11059, 17, 39.00000, 12, 0.00000),
  (2088, 11059, 60, 34.00000, 35, 0.00000),
  (2089, 11060, 60, 34.00000, 4, 0.00000),
  (2090, 11060, 77, 13.00000, 10, 0.00000),
  (2091, 11061, 60, 34.00000, 15, 0.00000),
  (2092, 11062, 53, 32.80000, 10, 0.20000),
  (2093, 11062, 70, 15.00000, 12, 0.20000),
  (2094, 11063, 34, 14.00000, 30, 0.00000),
  (2095, 11063, 40, 18.40000, 40, 0.10000),
  (2096, 11063, 41, 9.65000, 30, 0.10000),
  (2097, 11064, 17, 39.00000, 77, 0.10000),
  (2098, 11064, 41, 9.65000, 12, 0.00000),
  (2099, 11064, 53, 32.80000, 25, 0.10000),
  (2100, 11064, 55, 24.00000, 4, 0.10000),
  (2101, 11064, 68, 12.50000, 55, 0.00000),
  (2102, 11065, 30, 25.89000, 4, 0.25000),
  (2103, 11065, 54, 7.45000, 20, 0.25000),
  (2104, 11066, 16, 17.45000, 3, 0.00000),
  (2105, 11066, 19, 9.20000, 42, 0.00000),
  (2106, 11066, 34, 14.00000, 35, 0.00000),
  (2107, 11067, 41, 9.65000, 9, 0.00000),
  (2108, 11068, 28, 45.60000, 8, 0.15000),
  (2109, 11068, 43, 46.00000, 36, 0.15000),
  (2110, 11068, 77, 13.00000, 28, 0.15000),
  (2111, 11069, 39, 18.00000, 20, 0.00000),
  (2112, 11070, 1, 18.00000, 40, 0.15000),
  (2113, 11070, 2, 19.00000, 20, 0.15000),
  (2114, 11070, 16, 17.45000, 30, 0.15000),
  (2115, 11070, 31, 12.50000, 20, 0.00000),
  (2116, 11071, 7, 30.00000, 15, 0.05000),
  (2117, 11071, 13, 6.00000, 10, 0.05000),
  (2118, 11072, 2, 19.00000, 8, 0.00000),
  (2119, 11072, 41, 9.65000, 40, 0.00000),
  (2120, 11072, 50, 16.25000, 22, 0.00000),
  (2121, 11072, 64, 33.25000, 130, 0.00000),
  (2122, 11073, 11, 21.00000, 10, 0.00000),
  (2123, 11073, 24, 4.50000, 20, 0.00000),
  (2124, 11074, 16, 17.45000, 14, 0.05000),
  (2125, 11075, 2, 19.00000, 10, 0.15000),
  (2126, 11075, 46, 12.00000, 30, 0.15000),
  (2127, 11075, 76, 18.00000, 2, 0.15000),
  (2128, 11076, 6, 25.00000, 20, 0.25000),
  (2129, 11076, 14, 23.25000, 20, 0.25000),
  (2130, 11076, 19, 9.20000, 10, 0.25000),
  (2131, 11077, 2, 19.00000, 24, 0.20000),
  (2132, 11077, 3, 10.00000, 4, 0.00000),
  (2133, 11077, 4, 22.00000, 1, 0.00000),
  (2134, 11077, 6, 25.00000, 1, 0.02000),
  (2135, 11077, 7, 30.00000, 1, 0.05000),
  (2136, 11077, 8, 40.00000, 2, 0.10000),
  (2137, 11077, 10, 31.00000, 1, 0.00000),
  (2138, 11077, 12, 38.00000, 2, 0.05000),
  (2139, 11077, 13, 6.00000, 4, 0.00000),
  (2140, 11077, 14, 23.25000, 1, 0.03000),
  (2141, 11077, 16, 17.45000, 2, 0.03000),
  (2142, 11077, 20, 81.00000, 1, 0.04000),
  (2143, 11077, 23, 9.00000, 2, 0.00000),
  (2144, 11077, 32, 32.00000, 1, 0.00000),
  (2145, 11077, 39, 18.00000, 2, 0.05000),
  (2146, 11077, 41, 9.65000, 3, 0.00000),
  (2147, 11077, 46, 12.00000, 3, 0.02000),
  (2148, 11077, 52, 7.00000, 2, 0.00000),
  (2149, 11077, 55, 24.00000, 2, 0.00000),
  (2150, 11077, 60, 34.00000, 2, 0.06000),
  (2151, 11077, 64, 33.25000, 2, 0.03000),
  (2152, 11077, 66, 17.00000, 1, 0.00000),
  (2153, 11077, 73, 15.00000, 2, 0.01000),
  (2154, 11077, 75, 7.75000, 4, 0.00000),
  (2155, 11077, 77, 13.00000, 2, 0.00000);

INSERT INTO `SimplySmile_dbo`.`Users`(`UserId`, `Name`, `InvalidLoginAttempts`, `RegisteredAt`, `LastLoginDate`, `Enum1`, `Enum2`, `Features`, `RoleId`, `Property1`, `Property2`, `OtherProperty1`)
VALUES (1, 'ayende', 4, '2010-06-17 00:00:00', NULL, 'Medium', 1, 0, 1, 'test1', 'test2', 'othertest1'),
  (2, 'rahien', 5, '1998-12-31 00:00:00', NULL, 'Small', 0, 0, 2, NULL, 'test2', NULL),
  (3, 'nhibernate', 6, '2000-01-01 00:00:00', '2010-06-16 16:32:53', 'Medium', 0, 8, NULL, NULL, NULL, NULL);

INSERT INTO `SimplySmile_dbo`.`TimeSheetUsers`(`TimesheetID`, `UserId`)
VALUES (1, 1),
  (1, 2),
  (2, 1);

INSERT INTO `SimplySmile_dbo`.`Products`(`ProductId`, `ProductName`, `SupplierId`, `CategoryId`, `QuantityPerUnit`, `UnitPrice`, `UnitsInStock`, `UnitsOnOrder`, `ReorderLevel`, `Discontinued`)
VALUES (1, 'Chai', 1, 1, '10 boxes x 20 bags', 18.00000, 39, 0, 10, 0),
  (2, 'Chang', 1, 1, '24 - 12 oz bottles', 19.00000, 17, 40, 25, 0),
  (3, 'Aniseed Syrup', 1, 2, '12 - 550 ml bottles', 10.00000, 13, 70, 25, 0),
  (4, 'Chef Anton\'s Cajun Seasoning', 2, 2, '48 - 6 oz jars', 22.00000, 53, 0, 0, 0),
  (5, 'Chef Anton\'s Gumbo Mix', 2, 2, '36 boxes', 21.35000, 0, 0, 0, 1),
  (6, 'Grandma\'s Boysenberry Spread', 3, 2, '12 - 8 oz jars', 25.00000, 120, 0, 25, 0),
  (7, 'Uncle Bob\'s Organic Dried Pears', 3, 7, '12 - 1 lb pkgs.', 30.00000, 15, 0, 10, 0),
  (8, 'Northwoods Cranberry Sauce', 3, 2, '12 - 12 oz jars', 40.00000, 6, 0, 0, 0),
  (9, 'Mishi Kobe Niku', 4, 6, '18 - 500 g pkgs.', 97.00000, 29, 0, 0, 1),
  (10, 'Ikura', 4, 8, '12 - 200 ml jars', 31.00000, 31, 0, 0, 0),
  (11, 'Queso Cabrales', 5, 4, '1 kg pkg.', 21.00000, 22, 30, 30, 0),
  (12, 'Queso Manchego La Pastora', 5, 4, '10 - 500 g pkgs.', 38.00000, 86, 0, 0, 0),
  (13, 'Konbu', 6, 8, '2 kg box', 6.00000, 24, 0, 5, 0),
  (14, 'Tofu', 6, 7, '40 - 100 g pkgs.', 23.25000, 35, 0, 0, 0),
  (15, 'Genen Shouyu', 6, 2, '24 - 250 ml bottles', 15.50000, 39, 0, 5, 0),
  (16, 'Pavlova', 7, 3, '32 - 500 g boxes', 17.45000, 29, 0, 10, 0),
  (17, 'Alice Mutton', 7, 6, '20 - 1 kg tins', 39.00000, 0, 0, 0, 1),
  (18, 'Carnarvon Tigers', 7, 8, '16 kg pkg.', 62.50000, 42, 0, 0, 0),
  (19, 'Teatime Chocolate Biscuits', 8, 3, '10 boxes x 12 pieces', 9.20000, 25, 0, 5, 0),
  (20, 'Sir Rodney\'s Marmalade', 8, 3, '30 gift boxes', 81.00000, 40, 0, 0, 0),
  (21, 'Sir Rodney\'s Scones', 8, 3, '24 pkgs. x 4 pieces', 10.00000, 3, 40, 5, 0),
  (22, 'Gustaf\'s Knäckebröd', 9, 5, '24 - 500 g pkgs.', 21.00000, 104, 0, 25, 0),
  (23, 'Tunnbröd', 9, 5, '12 - 250 g pkgs.', 9.00000, 61, 0, 25, 0),
  (24, 'Guaraná Fantástica', 10, 1, '12 - 355 ml cans', 4.50000, 20, 0, 0, 1),
  (25, 'NuNuCa Nuß-Nougat-Creme', 11, 3, '20 - 450 g glasses', 14.00000, 76, 0, 30, 0),
  (26, 'Gumbär Gummibärchen', 11, 3, '100 - 250 g bags', 31.23000, 15, 0, 0, 0),
  (27, 'Schoggi Schokolade', 11, 3, '100 - 100 g pieces', 43.90000, 49, 0, 30, 0),
  (28, 'Rössle Sauerkraut', 12, 7, '25 - 825 g cans', 45.60000, 26, 0, 0, 1),
  (29, 'Thüringer Rostbratwurst', 12, 6, '50 bags x 30 sausgs.', 123.79000, 0, 0, 0, 1),
  (30, 'Nord-Ost Matjeshering', 13, 8, '10 - 200 g glasses', 25.89000, 10, 0, 15, 0),
  (31, 'Gorgonzola Telino', 14, 4, '12 - 100 g pkgs', 12.50000, 0, 70, 20, 0),
  (32, 'Mascarpone Fabioli', 14, 4, '24 - 200 g pkgs.', 32.00000, 9, 40, 25, 0),
  (33, 'Geitost', 15, 4, '500 g', 2.50000, 112, 0, 20, 0),
  (34, 'Sasquatch Ale', 16, 1, '24 - 12 oz bottles', 14.00000, 111, 0, 15, 0),
  (35, 'Steeleye Stout', 16, 1, '24 - 12 oz bottles', 18.00000, 20, 0, 15, 0),
  (36, 'Inlagd Sill', 17, 8, '24 - 250 g  jars', 19.00000, 112, 0, 20, 0),
  (37, 'Gravad lax', 17, 8, '12 - 500 g pkgs.', 26.00000, 11, 50, 25, 0),
  (38, 'Côte de Blaye', 18, 1, '12 - 75 cl bottles', 263.50000, 17, 0, 15, 0),
  (39, 'Chartreuse verte', 18, 1, '750 cc per bottle', 18.00000, 69, 0, 5, 0),
  (40, 'Boston Crab Meat', 19, 8, '24 - 4 oz tins', 18.40000, 123, 0, 30, 0),
  (41, 'Jack\'s New England Clam Chowder', 19, 8, '12 - 12 oz cans', 9.65000, 85, 0, 10, 0),
  (42, 'Singaporean Hokkien Fried Mee', 20, 5, '32 - 1 kg pkgs.', 14.00000, 26, 0, 0, 1),
  (43, 'Ipoh Coffee', 20, 1, '16 - 500 g tins', 46.00000, 17, 10, 25, 0),
  (44, 'Gula Malacca', 20, 2, '20 - 2 kg bags', 19.45000, 27, 0, 15, 0),
  (45, 'Rogede sild', 21, 8, '1k pkg.', 9.50000, 5, 70, 15, 0),
  (46, 'Spegesild', 21, 8, '4 - 450 g glasses', 12.00000, 95, 0, 0, 0),
  (47, 'Zaanse koeken', 22, 3, '10 - 4 oz boxes', 9.50000, 36, 0, 0, 0),
  (48, 'Chocolade', 22, 3, '10 pkgs.', 12.75000, 15, 70, 25, 0),
  (49, 'Maxilaku', 23, 3, '24 - 50 g pkgs.', 20.00000, 10, 60, 15, 0),
  (50, 'Valkoinen suklaa', 23, 3, '12 - 100 g bars', 16.25000, 65, 0, 30, 0),
  (51, 'Manjimup Dried Apples', 24, 7, '50 - 300 g pkgs.', 53.00000, 20, 0, 10, 0),
  (52, 'Filo Mix', 24, 5, '16 - 2 kg boxes', 7.00000, 38, 0, 25, 0),
  (53, 'Perth Pasties', 24, 6, '48 pieces', 32.80000, 0, 0, 0, 1),
  (54, 'Tourtière', 25, 6, '16 pies', 7.45000, 21, 0, 10, 0),
  (55, 'Pâté chinois', 25, 6, '24 boxes x 2 pies', 24.00000, 115, 0, 20, 0),
  (56, 'Gnocchi di nonna Alice', 26, 5, '24 - 250 g pkgs.', 38.00000, 21, 10, 30, 0),
  (57, 'Ravioli Angelo', 26, 5, '24 - 250 g pkgs.', 19.50000, 36, 0, 20, 0),
  (58, 'Escargots de Bourgogne', 27, 8, '24 pieces', 13.25000, 62, 0, 20, 0),
  (59, 'Raclette Courdavault', 28, 4, '5 kg pkg.', 55.00000, 79, 0, 0, 0),
  (60, 'Camembert Pierrot', 28, 4, '15 - 300 g rounds', 34.00000, 19, 0, 0, 0),
  (61, 'Sirop d\'érable', 29, 2, '24 - 500 ml bottles', 28.50000, 113, 0, 25, 0),
  (62, 'Tarte au sucre', 29, 3, '48 pies', 49.30000, 17, 0, 0, 0),
  (63, 'Vegie-spread', 7, 2, '15 - 625 g jars', 43.90000, 24, 0, 5, 0),
  (64, 'Wimmers gute Semmelknödel', 12, 5, '20 bags x 4 pieces', 33.25000, 22, 80, 30, 0),
  (65, 'Louisiana Fiery Hot Pepper Sauce', 2, 2, '32 - 8 oz bottles', 21.05000, 76, 0, 0, 0),
  (66, 'Louisiana Hot Spiced Okra', 2, 2, '24 - 8 oz jars', 17.00000, 4, 100, 20, 0),
  (67, 'Laughing Lumberjack Lager', 16, 1, '24 - 12 oz bottles', 14.00000, 52, 0, 10, 0),
  (68, 'Scottish Longbreads', 8, 3, '10 boxes x 8 pieces', 12.50000, 6, 10, 15, 0),
  (69, 'Gudbrandsdalsost', 15, 4, '10 kg pkg.', 36.00000, 26, 0, 15, 0),
  (70, 'Outback Lager', 7, 1, '24 - 355 ml bottles', 15.00000, 15, 10, 30, 0),
  (71, 'Flotemysost', 15, 4, '10 - 500 g pkgs.', 21.50000, 26, 0, 0, 0),
  (72, 'Mozzarella di Giovanni', 14, 4, '24 - 200 g pkgs.', 34.80000, 14, 0, 0, 0),
  (73, 'Röd Kaviar', 17, 8, '24 - 150 g jars', 15.00000, 101, 0, 5, 0),
  (74, 'Longlife Tofu', 4, 7, '5 kg pkg.', 10.00000, 4, 20, 5, 0),
  (75, 'Rhönbräu Klosterbier', 12, 1, '24 - 0.5 l bottles', 7.75000, 125, 0, 25, 0),
  (76, 'Lakkalikööri', 23, 1, '500 ml', 18.00000, 57, 0, 20, 0),
  (77, 'Original Frankfurter grüne Soße', 12, 2, '12 boxes', 13.00000, 32, 0, 15, 0),
  (78, 'Yellow Pear', NULL, 1, NULL, NULL, NULL, NULL, NULL, 0),
  (79, 'Orange', NULL, 1, NULL, NULL, NULL, NULL, NULL, 0);

INSERT INTO `SimplySmile_dbo`.`Physicians`(`PhysicianId`, `Name`)
VALUES (1, 'Dr Dobbs'),
  (2, 'Dr Watson');

-- Re-enable foreign key checks
SET FOREIGN_KEY_CHECKS=@OLD_FOREIGN_KEY_CHECKS;

-- End of script
